Scene Number,Scene Name,Split,Instruction Type,Instruction,Annotator,Source Row
78,scene-0078,test,S,"after the stop sign, stay on the right to go straight",Annotator 11,3
78,scene-0078,test,S,"stop at the stopsign, and change into the right lane",Annotator 10,3
78,scene-0078,test,s,stop at the stop sign,Annotator 12,3
78,scene-0078,test,s,stop at the stop sign and proceed forward after making sure there are no pedestrians,Annotator 9,3
78,scene-0078,test,s,stopped at stop sign and then move to right lane,Annotator 8,3
79,scene-0079,test,D,follow the vehicle in front of you,Annotator 10,4
79,scene-0079,test,d,keep following the vehicle ahead of you,Annotator 9,4
79,scene-0079,test,d,"stay in the lane, watchout for oncoming traffic",Annotator 12,4
79,scene-0079,test,unknown,slight right curve,Annotator 8,4
79,scene-0079,test,unknown,slow down as you go around the curve,Annotator 11,4
80,scene-0080,test,d,drive forward and then stop behind car,Annotator 8,5
80,scene-0080,test,d,stop behing the car indicating left,Annotator 7,4
80,scene-0080,test,d,watch out for the cars turning left,Annotator 11,5
80,scene-0080,test,s,stop for the car stopped at the intersection,Annotator 12,5
81,scene-0081,test,D,hang right as you approach the man on the road,Annotator 10,6
81,scene-0081,test,d,be cautious of cars moving out of the lane and watch for instruction of cross guard,Annotator 12,6
81,scene-0081,test,d,follow cars infront and then watch for construction person,Annotator 8,6
81,scene-0081,test,d,go forward once the red car starts moving and keep going forward as the traffic conducor indicates to,Annotator 7,5
81,scene-0081,test,d,"keep behind the red car, go straight then follow the man in the yellow vest",Annotator 11,6
81,scene-0081,test,d,pass by the guy guided the street,Annotator 9,7
81,scene-0081,test,d,stay behind the pedestrian walk until the red car in front of you proceeds to move,Annotator 9,6
82,scene-0082,test,d,stay on the left side to make space for the bicyclist,Annotator 11,7
82,scene-0082,test,d,watchout for incoming traffic,Annotator 12,7
83,scene-0083,test,D,Slow down and let the pedestrian cross,Annotator 10,8
83,scene-0083,test,d,let the pedestrian cross the road before going straight,Annotator 9,9
83,scene-0083,test,d,slow down and stop for the man to cross the road then keep moving forward slowly,Annotator 7,7
83,scene-0083,test,d,slow down and stop to let the pedestrian pass,Annotator 11,8
83,scene-0083,test,d,slow down for person crossing road,Annotator 8,8
83,scene-0083,test,d,slow down for stopping car and watchout for pedestrian crossing the road,Annotator 12,8
84,scene-0084,test,D,Turn left and follow the truck in front of you,Annotator 10,9
84,scene-0084,test,d,take the left turn and stay behind the truck,Annotator 12,9
84,scene-0084,test,d,turn left and follow the semi truck,Annotator 11,9
84,scene-0084,test,unknown,make a left turn at the intersection,Annotator 9,10
84,scene-0084,test,unknown,turn left,Annotator 7,8
85,scene-0085,test,S,Turn left here,Annotator 10,10
85,scene-0085,test,d,make a left turn once the car from the left has passed,Annotator 9,11
85,scene-0085,test,d,turn left after there are no incoming cars and slow down for the stop sign,Annotator 12,10
85,scene-0085,test,d,wait for car to go by and then turn left,Annotator 8,10
85,scene-0085,test,d,wait for the green car to pass then turn left,Annotator 7,9
85,scene-0085,test,unknown,turn left,Annotator 11,10
87,scene-0087,test,s,slow down and stop at the stop sign,Annotator 7,11
87,scene-0087,test,s,stop at stop sign and wait for cars to go by,Annotator 8,12
87,scene-0087,test,s,stop at the stop sign,Annotator 12,12
87,scene-0087,test,s,stop at the stopsign,Annotator 9,13
87,scene-0087,test,"s,d",at the stop sign watch out for incoming traffic on the right,Annotator 11,12
88,scene-0088,test,S,"Turn right, then turn left at the next stop sign",Annotator 10,13
88,scene-0088,test,d,take a right turn after the truck goes and slow down for the stop sign,Annotator 12,13
88,scene-0088,test,d,"wait for the truck to pass then turn right. at the next stop sign, turn left",Annotator 7,12
88,scene-0088,test,ds,"make a right turn, stop at the stop sign, then make a left turn",Annotator 9,14
88,scene-0088,test,s,"turn right, stop at stop sign, and turn left",Annotator 8,13
88,scene-0088,test,"s,d","follow the yellow semi truck, turn right, then turn left at the stop sign",Annotator 11,13
91,scene-0091,test,D,Hang left and go around the biker,Annotator 10,16
91,scene-0091,test,d,make a right turn and slightly go left to avoid hitting the byclist then go back on the right side,Annotator 9,17
91,scene-0091,test,d,make space for the bicyclist on your right,Annotator 11,16
91,scene-0091,test,d,"turn right, watch for bicycle",Annotator 8,16
91,scene-0091,test,s,stay cautious of bicycle rider.,Annotator 12,16
91,scene-0091,test,unknown,turn right,Annotator 7,15
111,scene-0111,test,D,turn left where the construction is,Annotator 10,17
111,scene-0111,test,d,"follow the instructions from the person in the vest, and watch out for stopped vehicles in the road",Annotator 11,17
111,scene-0111,test,d,go forward according to the construction person and then turn left,Annotator 8,17
111,scene-0111,test,d,go forward following instruction and watch out for incoming traffic as you are going into the lane,Annotator 12,17
111,scene-0111,test,d,turn left as long as the traffic conductor permits you to drive ahead,Annotator 7,16
111,scene-0111,test,unknown,make a left turn and stay on the right side of the road,Annotator 9,18
113,scene-0113,test,D,Don't pass the cement truck,Annotator 10,19
114,scene-0114,test,S,Turn right at the light,Annotator 10,20
114,scene-0114,test,d,slow down for the yellow light and watch for the car on the other lane turning left! we need to turn right,Annotator 8,20
114,scene-0114,test,d,turn right at the light but watch out for the dark suv turning left,Annotator 11,20
114,scene-0114,test,d,"wait for the car to turn, then turn right",Annotator 7,19
114,scene-0114,test,unknown,make a right turn at the intersection,Annotator 9,21
114,scene-0114,test,unknown,slow down for the intersection and go right when there is no oncoming traffic,Annotator 12,20
115,scene-0115,test,S,Get into the left lane at this light,Annotator 10,21
115,scene-0115,test,d,go forward slowly as the bus merges in,Annotator 12,21
115,scene-0115,test,d,slow down for the tour bus turning left,Annotator 11,21
115,scene-0115,test,d,slow down to make the bus make its turn then continue going straight,Annotator 9,22
115,scene-0115,test,d,wait for the bus to turn then keep driving forward,Annotator 7,20
115,scene-0115,test,d,watch for the bus pulling out of the right lane and turning left,Annotator 8,21
116,scene-0116,test,d,"slow down for person jaywalking across road, and we need to be in the left lane",Annotator 8,22
116,scene-0116,test,d,slow down for the crossing pedestrian and stop for the red ligtht,Annotator 12,22
116,scene-0116,test,d,slow down for the pedestrian crossing the road,Annotator 11,22
116,scene-0116,test,d,"slow down so you don't hit the person crossing the road, then go into the left turn lane",Annotator 7,21
116,scene-0116,test,unknown,go to the left lane when it appears,Annotator 9,23
117,scene-0117,test,S,Turn right at this intersection,Annotator 10,23
117,scene-0117,test,s,turn right but stay on the left watching for the barricade,Annotator 11,23
118,scene-0118,test,d,turn right watch for car coming from round about,Annotator 8,24
118,scene-0118,test,s,take the second exit in the roundabout,Annotator 11,24
118,scene-0118,test,unknown,make a right turn,Annotator 9,25
118,scene-0118,test,unknown,turn right,Annotator 7,23
119,scene-0119,test,S,Enter the roundabout and take the second exit,Annotator 10,25
119,scene-0119,test,d,yield for cars already in round about and go to the second exit in the round about,Annotator 8,25
119,scene-0119,test,d,yield for oncoming traffic,Annotator 12,25
119,scene-0119,test,s,take the second exit in the roundabout,Annotator 7,24
119,scene-0119,test,unknown,go around the round-a-bout but continue on the straight path,Annotator 9,26
142,scene-0142,test,s,"go on the left lane to avoid hitting the parked cars, once passing them go back to the right lane",Annotator 9,28
142,scene-0142,test,s,slightly move into the right lane to avoid hitting the parked bikes,Annotator 7,26
143,scene-0143,test,D,Pass these parked cars on the right,Annotator 10,28
143,scene-0143,test,d,go around stopped cars in the right lane and then return,Annotator 8,28
143,scene-0143,test,d,"go past the cars stopped in the road by veering into the other lane, then return back to the left",Annotator 11,28
143,scene-0143,test,s,Go into the left lane to avoid stopped cars in front of you and return to your lane after passing,Annotator 12,28
143,scene-0143,test,s,"move into the left lane to avoid the cars, then back into the right to avoid the parked cars",Annotator 7,27
144,scene-0144,test,S,Go straight at this intersection,Annotator 10,29
144,scene-0144,test,d,Go straight after there is no more oncoming traffic,Annotator 12,29
144,scene-0144,test,d,after the motorcyclist passes go straight,Annotator 11,29
144,scene-0144,test,d,go through the intersection once the motorcycle on the right has passed,Annotator 9,30
144,scene-0144,test,d,wait for moped and then go straight,Annotator 8,29
144,scene-0144,test,d,wait for the biker to pass the move forward,Annotator 7,28
145,scene-0145,test,D,Pass the parked car on the right,Annotator 10,30
145,scene-0145,test,d,go around stopped car in the right lane,Annotator 8,30
145,scene-0145,test,d,switch to the right lane then back to the left to pass the black car,Annotator 11,30
145,scene-0145,test,s,Go into right lane to avoid parked car and return to stop at traffic light,Annotator 12,30
145,scene-0145,test,s,"move into the right lane to avoid the parked car, then go back into the left lane",Annotator 7,29
145,scene-0145,test,unknown,switch into the right lane before seeing the parked vehicle,Annotator 9,31
146,scene-0146,test,s,Go straight and stop at the traffic light,Annotator 12,31
146,scene-0146,test,s,drive straight when the light turns green,Annotator 7,30
146,scene-0146,test,s,go straight when light turns green,Annotator 8,31
147,scene-0147,test,s,slow down over the crosswalk speed bump,Annotator 11,32
148,scene-0148,test,S,Take the next right,Annotator 10,33
148,scene-0148,test,d,turn left and watch for pedestrian,Annotator 8,33
148,scene-0148,test,s,Take a slight right turn avoiding the crossing pedestrian,Annotator 12,33
148,scene-0148,test,s,turn right where you see the pedestrian waiting to cross,Annotator 11,33
148,scene-0148,test,unknown,"after passing the bus stop on the left, make a right turn at the intersection",Annotator 9,34
148,scene-0148,test,unknown,take a right,Annotator 7,32
265,scene-0265,test,S,Slow down and stay in the left lane,Annotator 10,34
265,scene-0265,test,d,Go in the right lane to avoid the oncoming car and go back,Annotator 12,34
265,scene-0265,test,d,"go to the right side of the road to avoid the oncoming vehicle, then go back to the left vehicle",Annotator 9,35
265,scene-0265,test,d,move into the right lane to avoid the car then back into the left once it has passed,Annotator 7,33
265,scene-0265,test,d,stay on the right to avoid the car going straight then slow down,Annotator 11,34
265,scene-0265,test,unknown,drive forward and go to left lane,Annotator 8,34
266,scene-0266,test,s,Follow the road,Annotator 12,35
266,scene-0266,test,s,slow down because the road gets windy,Annotator 11,35
279,scene-0279,test,S,Stay in this lane to turn right,Annotator 10,36
279,scene-0279,test,d,Slow down for the pedestrian on the road,Annotator 12,36
279,scene-0279,test,d,slow down for person walking on the left,Annotator 8,36
279,scene-0279,test,d,slow down for the walking pedestrian on your left,Annotator 11,36
280,scene-0280,test,S,Turn right at this light,Annotator 10,37
280,scene-0280,test,d,follow the vehicle in front of you,Annotator 9,38
280,scene-0280,test,d,follow the white car in front of you,Annotator 11,37
280,scene-0280,test,d,"stop and wait behind car in front, wait for them to go",Annotator 8,37
280,scene-0280,test,s,Stop behind the stopped car,Annotator 12,37
280,scene-0280,test,sd,"after the light turns green and the car in front moves, take a right",Annotator 7,36
281,scene-0281,test,D,Pass this parked car on the right,Annotator 10,38
281,scene-0281,test,d,go around car on the left,Annotator 8,38
281,scene-0281,test,s,Go into the right lane to avoid the parked car and then go back into the left lane after the car is passed,Annotator 12,38
281,scene-0281,test,s,"drive into the right lane to avoid the parked yellow car, then move back into the left and keep driving straight",Annotator 7,37
281,scene-0281,test,s,veer into the right lane to avoid the stopped yellow car,Annotator 11,38
281,scene-0281,test,unknown,go around the yellow car and come back to the same lane,Annotator 9,39
282,scene-0282,test,d,Slow down for the car in front of you,Annotator 12,39
282,scene-0282,test,s,slow down for speed hump,Annotator 8,39
282,scene-0282,test,s,slow down for the black and yellow speed bump,Annotator 11,39
282,scene-0282,test,unknown,keep going straight while keeping a distance of the car in front of you,Annotator 9,40
307,scene-0307,test,S,Turn left at the stopsign,Annotator 10,40
307,scene-0307,test,d,go around car on the left and turn left at intersection,Annotator 8,40
307,scene-0307,test,d,veer into the right lane to avoid the truck and then turn left,Annotator 11,40
307,scene-0307,test,s,Go into the right lane to avoid the parked car and go back to stop at the stop sign,Annotator 12,40
307,scene-0307,test,s,"move slightly right to avoid the parked vehicle, then take a left at the stop sign",Annotator 7,39
307,scene-0307,test,unknown,go around the vehicle in front of you,Annotator 9,41
308,scene-0308,test,S,Take the next right and pull off to the left,Annotator 10,41
308,scene-0308,test,d,turn right where you see the pedestrian in the orange shirt walking,Annotator 11,41
308,scene-0308,test,"d,s",turn right avoiding the walking pedestriand and park behind the stopped car,Annotator 12,41
308,scene-0308,test,s,make a right turn after passing the bus stop on the left,Annotator 9,42
308,scene-0308,test,unknown,take a right,Annotator 7,40
308,scene-0308,test,unknown,turn right and watch for person walking,Annotator 8,41
310,scene-0310,test,D,Wait for this lady to pass then keep going,Annotator 10,43
310,scene-0310,test,d,Stop for the walking pedestrian,Annotator 12,43
310,scene-0310,test,d,slowly drive forward as the pedestrian passes the car.,Annotator 9,44
310,scene-0310,test,d,stay on the right to avoid the pedestrian walking on the left,Annotator 11,43
310,scene-0310,test,d,stop for person walking on the left and then go after clear,Annotator 8,43
310,scene-0310,test,d,wait for the woman to move and then drive forward,Annotator 7,42
311,scene-0311,test,S,Turn left at this intersection,Annotator 10,44
311,scene-0311,test,d,Take a slight left turn,Annotator 12,44
311,scene-0311,test,s,turn left at one-north Link then stay in the left lane,Annotator 11,44
311,scene-0311,test,unknown,at the intersection make a left,Annotator 9,45
311,scene-0311,test,unknown,stop at intersection and turn left into the left lane,Annotator 8,44
311,scene-0311,test,unknown,take a left at the intersection and be in the left lane,Annotator 7,43
312,scene-0312,test,s,Stop at the traffic light,Annotator 12,45
312,scene-0312,test,s,stop at red light,Annotator 8,45
312,scene-0312,test,s,stop at the red light,Annotator 7,44
313,scene-0313,test,D,Stop behind this truck ahead,Annotator 10,46
313,scene-0313,test,d,slow down and stop behind vehicle on the left lane,Annotator 8,46
313,scene-0313,test,d,slow down and stop in front of the green truck,Annotator 11,46
313,scene-0313,test,s,Stop behind the parked vehicle,Annotator 12,46
313,scene-0313,test,s,slow down and stop behind the green truck,Annotator 7,45
313,scene-0313,test,s,"when you see the white truck ahead of you, switch to the right lane, then go back to the original lane",Annotator 9,47
314,scene-0314,test,D,Take this u-turn a moment after the car in front of us does,Annotator 10,47
314,scene-0314,test,d,follow the same path as the white vehicle in front of oyu,Annotator 9,48
314,scene-0314,test,d,turn left and sto next to the parked car,Annotator 12,47
314,scene-0314,test,d,turn left then slow down and stay on the right as you pass the stopped truck,Annotator 11,47
314,scene-0314,test,d,turn slight left and watch for bus on the right side,Annotator 8,47
314,scene-0314,test,unknown,slowly drive through the u turn,Annotator 7,46
333,scene-0333,test,d,construction person waved us through so we can go forward,Annotator 8,48
333,scene-0333,test,d,slow down for incoming traffic and go straight as instructed by cross guard,Annotator 12,48
333,scene-0333,test,d,slow down for the two cars coming into the lane and follow the vested person's instructions,Annotator 11,48
335,scene-0335,test,S,Turn right at the light into the middle lane,Annotator 10,50
335,scene-0335,test,d,take a slight right turn following the car in front of you,Annotator 12,50
335,scene-0335,test,s,make a right turn at the top light and go into the middle lane,Annotator 9,51
335,scene-0335,test,s,turn right at the stop light then stay in the middle lane,Annotator 11,50
335,scene-0335,test,unknown,take a right at the signal then be in the middle lane,Annotator 7,49
335,scene-0335,test,unknown,turn right,Annotator 8,50
336,scene-0336,test,d,watch for car merging into our lane,Annotator 8,51
336,scene-0336,test,s,after the light slow down and keep distance away from the barricades,Annotator 11,51
337,scene-0337,test,"d, s",Slow down as you are approaching a red traffic light,Annotator 12,52
337,scene-0337,test,s,slow down for yellow light,Annotator 8,52
338,scene-0338,test,D,Hang right as the pedestrian exits his car,Annotator 10,53
338,scene-0338,test,d,Go straight and watchout for the taxi merging into your lane,Annotator 12,53
338,scene-0338,test,d,watch out for the pedestrian on the right then watch out for the white taxi merging into the lane,Annotator 11,53
339,scene-0339,test,D,Hang right as the pedestrian exits her car,Annotator 10,54
340,scene-0340,test,d,stop at light and watch for people walking,Annotator 8,55
340,scene-0340,test,s,Stop at the traffic light,Annotator 12,55
340,scene-0340,test,s,stop at the red light,Annotator 7,54
340,scene-0340,test,"s,d",slow down at the stop light for the pedestrian crossing the intersection,Annotator 11,55
341,scene-0341,test,d,watch for person crossing and then go when light green and road is clear,Annotator 8,56
341,scene-0341,test,s,Go forward once the light turns green,Annotator 12,56
341,scene-0341,test,s,drive straight when the light turns green,Annotator 7,55
341,scene-0341,test,s,go straight only once the stoplight turns green,Annotator 9,57
342,scene-0342,test,S,Go into the left lane at the light in front of us,Annotator 10,57
342,scene-0342,test,s,Slow down as you are approaching the red traffic light,Annotator 12,57
342,scene-0342,test,s,at the stop light get into the leftmost lane,Annotator 11,57
342,scene-0342,test,s,go on the left lane after passing by the two parked cars on the right lane,Annotator 9,58
342,scene-0342,test,s,slow down at red light,Annotator 8,57
342,scene-0342,test,unknown,drive into the left turn lane at the signal,Annotator 7,56
343,scene-0343,test,"d, s",Go forward once the light turns green and there are no more cars in front of you,Annotator 12,58
343,scene-0343,test,ds,only go forward once all the cars in the intersection have passed and the light turns green,Annotator 9,59
343,scene-0343,test,unknown,go when light turn green,Annotator 8,58
481,scene-0481,test,S,Turn left,Annotator 10,59
481,scene-0481,test,s,Take a slight left turn and slow down as you approach the parked semi-truck,Annotator 12,59
481,scene-0481,test,unknown,make a left turn and go straight,Annotator 9,60
481,scene-0481,test,unknown,take a left,Annotator 7,58
481,scene-0481,test,unknown,turn left,Annotator 11,59
482,scene-0482,test,D,Pass the parked truck on the left and follow the car in front of us,Annotator 10,60
482,scene-0482,test,d,Go into the left lane to avoid parked semi and follow the car in front of you,Annotator 12,60
482,scene-0482,test,d,go around the white semitruck and follow the car in front of you,Annotator 11,60
482,scene-0482,test,d,go around truck on left and then follow car forward,Annotator 8,60
482,scene-0482,test,s,go around the white truck in front of you,Annotator 9,61
482,scene-0482,test,unknown,go around the truck by driving slightly into the left lane,Annotator 7,59
483,scene-0483,test,S,Merge into the right lane,Annotator 10,61
483,scene-0483,test,s,Merge into the right lane and stop at the red light,Annotator 12,61
483,scene-0483,test,s,get into the right turn lane at the stop light,Annotator 11,61
483,scene-0483,test,unknown,drive into the right turn lane,Annotator 7,60
483,scene-0483,test,unknown,go to the right lane,Annotator 8,61
484,scene-0484,test,S,Turn right and merge into the middle lane,Annotator 10,62
484,scene-0484,test,s,Stop at the traffic light,Annotator 12,62
484,scene-0484,test,s,turn right and stay in the middle lane,Annotator 11,62
484,scene-0484,test,s,"turn right into middle lane, slow down at red light",Annotator 8,62
484,scene-0484,test,unknown,make a right turn onto the middle lane,Annotator 9,63
484,scene-0484,test,unknown,take a right at the signal and then stay in the middle lane,Annotator 7,61
485,scene-0485,test,S,"Try to merge into the middle lane, otherwise just stay in this lane",Annotator 10,63
485,scene-0485,test,d,slow down let car on left come into our lane,Annotator 8,63
485,scene-0485,test,d,stay on the left and slow down for the pedestrian on the right,Annotator 11,63
485,scene-0485,test,"d, s",Stop for the pedestrian getting in their car,Annotator 12,63
487,scene-0487,test,S,Hang into the middle lane to go around this curb and merge back into this lane,Annotator 10,65
487,scene-0487,test,d,stop behind cars infront,Annotator 8,65
487,scene-0487,test,s,slightly go a bit to the left to avoid hitting the construction then go back in the same lane,Annotator 9,66
487,scene-0487,test,s,"veer into the left lane to avoid the cones, then get back into the right lane",Annotator 11,65
488,scene-0488,test,D,Pass the parked car/pedestrians on the right when there is space.,Annotator 10,66
488,scene-0488,test,d,wait for cars to clear and then pull out on the left side,Annotator 8,66
488,scene-0488,test,"d, s",Stop for the pedestrians getting into their car and merge into the left lane after there is no oncoming traffic,Annotator 12,66
488,scene-0488,test,ds,"when it is clear to do so, go around the stopped vehicle in front of you, then go back into the same lane",Annotator 9,67
488,scene-0488,test,s,go around the parked car by slightly driving into the left lane then keep going straight,Annotator 7,65
488,scene-0488,test,"s,d",get into the left lane to pass the parked car and construction,Annotator 11,66
489,scene-0489,test,d,stop behind cars infront,Annotator 8,67
489,scene-0489,test,s,Slow down and stop behind the stopped cars in front of you,Annotator 12,67
489,scene-0489,test,s,stop behind the cars at the traffic light,Annotator 7,66
490,scene-0490,test,D,"Slowly pass the parked bus, on the left and slowly approach the intersection, allowing ample space for passengers.",Annotator 10,68
490,scene-0490,test,d,Yield for the walking pedestrians,Annotator 12,68
490,scene-0490,test,d,slow down as the black sedan slightly passes into your lane and keep distance from pedestrians crossing,Annotator 11,68
490,scene-0490,test,s,slow down to stop at the traffic light,Annotator 7,67
490,scene-0490,test,s,stop at light and let people cross,Annotator 8,68
491,scene-0491,test,s,stopped at light and people are crossing,Annotator 8,69
492,scene-0492,test,S,Turn right at the light,Annotator 10,70
492,scene-0492,test,s,Turn right after the light turns green,Annotator 12,70
492,scene-0492,test,s,start moving once the traffic light turns green,Annotator 7,69
492,scene-0492,test,s,"stopped at light and bikes and people crossing, go when clear and light turns green",Annotator 8,70
492,scene-0492,test,unknown,turn right,Annotator 11,70
493,scene-0493,test,d,slow down for the pedestrians crossing,Annotator 11,71
493,scene-0493,test,s,Stop at the red light and go forward once the light turns green,Annotator 12,71
493,scene-0493,test,s,start moving once the traffic light turns green,Annotator 7,70
493,scene-0493,test,s,stop at red light and let people cross,Annotator 8,71
494,scene-0494,test,d,Stop behind the stopped cars in front of you,Annotator 12,72
494,scene-0494,test,d,slow down for the pedstrian in the hat jaywalking,Annotator 11,72
494,scene-0494,test,d,watch for person crossing and stop behind cars,Annotator 8,72
494,scene-0494,test,s,slow down to stop behind the cars,Annotator 7,71
495,scene-0495,test,D,Slown down as the pedestrians cross the road,Annotator 10,73
495,scene-0495,test,d,Slow down for the pedestrians crossing the road and go after they get to the sidewalk,Annotator 12,73
495,scene-0495,test,d,slow down for pedestrians crossing the street,Annotator 11,73
495,scene-0495,test,d,slow down for people crossing,Annotator 8,73
495,scene-0495,test,d,"slow down for the pedestrians crossing the road, then keep going straight",Annotator 9,74
495,scene-0495,test,d,slow down for the people crossing the road,Annotator 7,72
496,scene-0496,test,s,stop at red light,Annotator 8,74
498,scene-0498,test,s,Go forward stay in your lane and stop behind cars stopped the traffic light,Annotator 12,76
498,scene-0498,test,s,drive straight,Annotator 7,75
547,scene-0547,test,S,"After the light, merge into the right lane",Annotator 10,77
547,scene-0547,test,s,Go forward and take a slight right turn,Annotator 12,77
547,scene-0547,test,s,after the light change to the right lane,Annotator 11,77
547,scene-0547,test,unknown,after passing the intersection go into the right lane,Annotator 9,78
547,scene-0547,test,unknown,drive straight at the signal then change into the right lane,Annotator 7,76
549,scene-0549,test,d,slow down for the parked car and pedestrians on your right,Annotator 11,79
549,scene-0549,test,s,Go forward and slow down as you approach the stopped car,Annotator 12,79
550,scene-0550,test,S,Exit the roundabout at the second exit,Annotator 10,80
550,scene-0550,test,s,pass this first exit then take the second exit on the roundabout,Annotator 11,80
551,scene-0551,test,S,Turn right at the stopsign,Annotator 10,81
551,scene-0551,test,s,Stop at the stop sign,Annotator 12,81
551,scene-0551,test,s,stop at the stop sign then take a right,Annotator 7,80
551,scene-0551,test,s,turn right at the stop sign,Annotator 11,81
551,scene-0551,test,unknown,make a right turn at the intersection when it is clear to do so,Annotator 9,82
601,scene-0601,test,S,Wait here,Annotator 10,82
601,scene-0601,test,d,Stop for the crossing pedestrians,Annotator 12,82
602,scene-0602,test,s,Stop behind the stopped cars,Annotator 12,83
602,scene-0602,test,unknown,drive into the left lane at the signal,Annotator 7,82
602,scene-0602,test,unknown,go into the left lane,Annotator 9,84
604,scene-0604,test,s,Go forward staying in your lane,Annotator 12,85
606,scene-0606,test,s,Stop behind the car that is stopped at the red light,Annotator 12,86
606,scene-0606,test,unknown,stop at the signal,Annotator 7,85
607,scene-0607,test,S,Turn left at the light and stay in the left lane for the next light,Annotator 10,87
607,scene-0607,test,s,Go forward and stop behind the car stopped at the red light,Annotator 12,87
607,scene-0607,test,unknown,make a left turn,Annotator 9,88
607,scene-0607,test,unknown,take a left,Annotator 7,86
607,scene-0607,test,unknown,turn left,Annotator 11,87
608,scene-0608,test,s,Stay stopped at the red light and go forward once the light turns green,Annotator 12,88
608,scene-0608,test,s,drive straight once the light turns green,Annotator 7,87
608,scene-0608,test,s,go straight when the stoplight turns green,Annotator 9,89
609,scene-0609,test,S,Merge into the right lane,Annotator 10,89
609,scene-0609,test,s,change into the right lane,Annotator 11,89
609,scene-0609,test,unknown,change into the right lane,Annotator 7,88
609,scene-0609,test,unknown,switch into the right lane,Annotator 9,90
610,scene-0610,test,s,Slow down for the red light and go forward once the light turns green,Annotator 12,90
611,scene-0611,test,S,Turn right at the light,Annotator 10,91
611,scene-0611,test,d,Take a right turn at the green light,Annotator 12,91
611,scene-0611,test,s,turn right at the stop light,Annotator 11,91
611,scene-0611,test,unknown,make a right turn at the intersection,Annotator 9,92
611,scene-0611,test,unknown,"take a right at the signal, then be in the left lane",Annotator 7,90
612,scene-0612,test,s,Take a left turn at the traffic light,Annotator 12,92
612,scene-0612,test,s,turn left at the stop light,Annotator 11,92
612,scene-0612,test,unknown,make a left turn at the intersection,Annotator 9,93
612,scene-0612,test,unknown,take a left at the signal,Annotator 7,91
613,scene-0613,test,s,Slow down when passing the work zone,Annotator 12,93
614,scene-0614,test,S,Take the next left,Annotator 10,94
614,scene-0614,test,d,Take a right turn and slow down as you are approaching the red light,Annotator 12,94
614,scene-0614,test,unknown,make a left turn into the place where the black car is comign from and go straight,Annotator 9,95
614,scene-0614,test,unknown,take a left,Annotator 7,93
614,scene-0614,test,unknown,turn left,Annotator 11,94
615,scene-0615,test,unknown,stop at the red light behind the crosswalk,Annotator 7,94
616,scene-0616,test,s,Go forward when the light turns green,Annotator 12,96
616,scene-0616,test,s,drive straight at the green light and let the white car pass,Annotator 7,95
617,scene-0617,test,s,Stop at the stop sign,Annotator 12,97
617,scene-0617,test,unknown,stop at the stop sign behind the cross walk,Annotator 7,96
618,scene-0618,test,S,Turn left at this intersection,Annotator 10,98
618,scene-0618,test,d,Take a left turn after there is no oncoming traffic in the right lane,Annotator 12,98
618,scene-0618,test,d,after the pedestrians have crossed and after the black vehicle from the left has passed the intersection make a left turn,Annotator 9,99
618,scene-0618,test,s,at the stop sign turn left,Annotator 11,98
618,scene-0618,test,unknown,take a left,Annotator 7,97
619,scene-0619,test,S,Stay in the left lane here,Annotator 10,99
619,scene-0619,test,s,Slow down and stop behind the stopped car at the traffic light,Annotator 12,99
619,scene-0619,test,s,get in the left turn lane at the stop light,Annotator 11,99
619,scene-0619,test,unknown,drive into the left turn lane at the red light,Annotator 7,98
621,scene-0621,test,d,Slowly go forward being cautious of the car in front of you,Annotator 12,101
621,scene-0621,test,d,wait for the gray sedan to turn left then go straight,Annotator 11,101
621,scene-0621,test,s,drive straight when the light turns green,Annotator 7,100
622,scene-0622,test,S,Turn left at the next light,Annotator 10,102
622,scene-0622,test,s,Take a left turn at the green light,Annotator 12,102
622,scene-0622,test,s,turn left at the stop light,Annotator 11,102
622,scene-0622,test,unknown,make a left turn at the intersection,Annotator 9,103
622,scene-0622,test,unknown,take a left at the signal,Annotator 7,101
623,scene-0623,test,s,Slow down as you are approaching the red light,Annotator 12,103
624,scene-0624,test,d,Stop behind the stopped car and go forward once the light turns green,Annotator 12,104
624,scene-0624,test,s,slow down and stop behind the cars at the red light,Annotator 7,103
827,scene-0827,test,D,Wait for the pedestrian to cross,Annotator 10,105
827,scene-0827,test,d,Go forward and yield for crossing pedestrians,Annotator 12,105
827,scene-0827,test,d,slow down and stop for the pedestrian to cross the road,Annotator 7,104
827,scene-0827,test,d,stop to let the pedestrian cross,Annotator 9,106
827,scene-0827,test,"s,d",slow down for the speed bump and the pedestrian crossing,Annotator 11,105
828,scene-0828,test,d,once the pedestrian has crossed go straight,Annotator 9,107
828,scene-0828,test,s,stay on the left and slow down for the speed bump,Annotator 11,106
830,scene-0830,test,unknown,be careful for a sharp curve going left,Annotator 11,108
831,scene-0831,test,S,Keep left here,Annotator 10,109
833,scene-0833,test,S,Turn right at this intersection,Annotator 10,110
833,scene-0833,test,s,Take a right turn,Annotator 12,110
833,scene-0833,test,s,at the stop sign turn right,Annotator 11,110
833,scene-0833,test,unknown,make a right turn at the intersection,Annotator 9,111
833,scene-0833,test,unknown,take a right,Annotator 7,109
834,scene-0834,test,S,Take a harsh right,Annotator 10,111
834,scene-0834,test,s,Take a right turn,Annotator 12,111
834,scene-0834,test,s,turn right at the blue banner,Annotator 11,111
834,scene-0834,test,unknown,make a right turn,Annotator 9,112
834,scene-0834,test,unknown,take a right,Annotator 7,110
835,scene-0835,test,D,Wait for the pedestrians to cross,Annotator 10,112
835,scene-0835,test,d,Go forward and yield for the oncoming pedestrians,Annotator 12,112
835,scene-0835,test,d,"slow down and stop behind the crosswalk so the pedestrians can cross the road. once they have crossed, keep driving straight",Annotator 7,111
835,scene-0835,test,d,slow down for pedestrians crossing,Annotator 11,112
835,scene-0835,test,d,slow down to let the pedestrians across through,Annotator 9,113
836,scene-0836,test,s,Slow down for the speed bump,Annotator 12,113
836,scene-0836,test,s,slow down for speed bump,Annotator 11,113
838,scene-0838,test,d,slow down and stay behind motorcyclist,Annotator 11,115
838,scene-0838,test,s,Slow down and stop behind the motorcycle,Annotator 12,115
838,scene-0838,test,s,stop behind the motorcycle at the red light,Annotator 7,114
839,scene-0839,test,S,Turn right at this signal into the right lane,Annotator 10,116
839,scene-0839,test,d,follow the same path as the motorcycle,Annotator 9,117
839,scene-0839,test,s,Take a right turn once the light turns green,Annotator 12,116
839,scene-0839,test,s,at the stop light turn right and stay in the right lane,Annotator 11,116
839,scene-0839,test,s,take a right once the light turns green and be in the rightmost lane,Annotator 7,115
840,scene-0840,test,s,Go forward and slow down as you approach the bus stop full of pedestrians,Annotator 12,117
840,scene-0840,test,s,change into the left lane after the u turn sign,Annotator 11,117
840,scene-0840,test,unknown,change into the left lane,Annotator 7,116
841,scene-0841,test,s,Go forward stay in your lane and slow down as you pass the pedestrian on the left,Annotator 12,118
842,scene-0842,test,S,Enter the intersection in the left lane,Annotator 10,119
842,scene-0842,test,d,Stop at the stop sign and take a left turn once there is no more oncoming traffic,Annotator 12,119
842,scene-0842,test,ds,stop at the stopsign. make a left turn once all cars from the right have passed,Annotator 9,120
842,scene-0842,test,s,at the stop sign turn left,Annotator 11,119
842,scene-0842,test,unknown,stop at the stop sign and then drive into the roundabou once the cars have passed,Annotator 7,118
844,scene-0844,test,S,Approach the toll,Annotator 10,120
844,scene-0844,test,s,Go forward and stop at the traffic pole,Annotator 12,120
844,scene-0844,test,s,slow down and stop behind the motorized gate arm,Annotator 7,119
845,scene-0845,test,S,Continue after the toll gate has raised,Annotator 10,121
845,scene-0845,test,s,Go forward once the poll lifts,Annotator 12,121
845,scene-0845,test,s,"once the gate arm opens, drive forward",Annotator 7,120
932,scene-0932,test,D,"Wait a moment, then pass the pedestrian on the right",Annotator 10,123
932,scene-0932,test,d,Go forward and slow down as you approach the pedestrian,Annotator 12,123
932,scene-0932,test,d,stay on the right side for the pedestrian on your left,Annotator 11,123
932,scene-0932,test,unknown,start driving after a few seconds,Annotator 7,122
933,scene-0933,test,S,"Approach the intersection and turn right, then immediately after enter the left lane",Annotator 10,124
933,scene-0933,test,d,Go forward and stay in your lane,Annotator 12,124
933,scene-0933,test,s,stay in the left lane when entering the roundabout but then keep to the right,Annotator 11,124
933,scene-0933,test,unknown,drive into the leftmost lane of the roundabout then take the second exit,Annotator 7,123
933,scene-0933,test,unknown,go into the left lane and follow the round-a-bout,Annotator 9,125
935,scene-0935,test,s,slow down as you go over the speed bump,Annotator 12,125
936,scene-0936,test,S,Go into the left-most lane to turn left at the light,Annotator 10,126
936,scene-0936,test,s,Go forward and merge into the left lane,Annotator 12,126
936,scene-0936,test,"s,d",get in the leftmost lane following the yellow bus,Annotator 11,126
936,scene-0936,test,unknown,change into the left turn lane at the signal,Annotator 7,125
938,scene-0938,test,D,Follow this coca-cola truck,Annotator 10,128
938,scene-0938,test,d,Follow the car in front of you,Annotator 12,128
938,scene-0938,test,d,follow the coca-cola vehicle in front of you,Annotator 9,129
938,scene-0938,test,d,follow the pink coca cola truck,Annotator 11,128
938,scene-0938,test,unknown,take a left behind the truck,Annotator 7,127
939,scene-0939,test,D,Continue to follow this truck and turn left,Annotator 10,129
939,scene-0939,test,d,Follow the car in front of you,Annotator 12,129
939,scene-0939,test,d,follow the coca-cola vehicle in front of you,Annotator 9,130
939,scene-0939,test,d,follow the pink coca cola truck and turn left,Annotator 11,129
939,scene-0939,test,unknown,take a left behind the truck,Annotator 7,128
940,scene-0940,test,d,Stay behind the car in front of you and watchout for the merging motorcycle,Annotator 12,130
940,scene-0940,test,d,follow the coca-cola vehicle in front of you,Annotator 9,131
941,scene-0941,test,S,Turn right at the interesection,Annotator 10,131
941,scene-0941,test,d,follow the coca-cola vehicle in front of you,Annotator 9,132
941,scene-0941,test,d,stay on the right following the coca cola truck,Annotator 11,131
941,scene-0941,test,unknown,take a right,Annotator 7,130
942,scene-0942,test,d,Slow down and stop behind the truck after it has stopped,Annotator 12,132
942,scene-0942,test,d,follow the coca-cola vehicle in front of you,Annotator 9,133
942,scene-0942,test,unknown,"wait for the truck to start moving, then keep driving forward",Annotator 7,131
943,scene-0943,test,d,follow the coca-cola vehicle in front of you,Annotator 9,134
1029,scene-1029,test,s,Stop behind the cars that are stopped at the light,Annotator 12,137
1029,scene-1029,test,s,slow down and stop behind the cars at the traffic light,Annotator 7,136
1030,scene-1030,test,s,drive straight at the traffic lights,Annotator 7,137
1032,scene-1032,test,d,Go forward once the light turns green staying behind the car in front of you,Annotator 12,140
1032,scene-1032,test,d,start driving straight once the lights turn green and the cars in front start moving,Annotator 7,139
1033,scene-1033,test,S,Turn left at the next intersection,Annotator 10,141
1033,scene-1033,test,d,Take a left turn once there is no more oncoming traffic,Annotator 12,141
1033,scene-1033,test,s,slow down for the speed bump then turn left at the stop light,Annotator 11,141
1033,scene-1033,test,unknown,make a left turn,Annotator 9,142
1033,scene-1033,test,unknown,take a left at the intersection,Annotator 7,140
1034,scene-1034,test,S,Keep right at the intersection,Annotator 10,142
1035,scene-1035,test,s,stay on the left side,Annotator 11,143
1035,scene-1035,test,unknown,Keep left at the intersection,Annotator 10,143
1035,scene-1035,test,unknown,make a left turn when it appears,Annotator 9,144
1035,scene-1035,test,unknown,take a left at the fork,Annotator 7,142
1036,scene-1036,test,S,Turn left at the intersection,Annotator 10,144
1036,scene-1036,test,s,Stop at the stop sign and take a left turn,Annotator 12,144
1036,scene-1036,test,s,at the stop light turn left,Annotator 11,144
1036,scene-1036,test,unknown,make a left turn when you can,Annotator 9,145
1036,scene-1036,test,unknown,take a left at the intersection,Annotator 7,143
1039,scene-1039,test,D,Turn right at the intersection with the parked truck,Annotator 10,147
1039,scene-1039,test,d,Take a right turn being cautious for the crossing pedestrians,Annotator 12,147
1039,scene-1039,test,d,turn right where the white truck is stopped,Annotator 11,147
1039,scene-1039,test,unknown,make a right turn and go straight into the left lane,Annotator 9,148
1039,scene-1039,test,unknown,take a right,Annotator 7,146
1040,scene-1040,test,D,Wait for the pedestrians to finish crossing,Annotator 10,148
1040,scene-1040,test,d,Yield for the crossing pedestrians,Annotator 12,148
1040,scene-1040,test,d,slow down and stop at the crosswalk for the pedestrians to cross the road,Annotator 7,147
1040,scene-1040,test,d,slow down for the pedestrians crossing,Annotator 11,148
1040,scene-1040,test,ds,stop before the peestrian walk to let the people walk through,Annotator 9,149
1041,scene-1041,test,D,Careful of the woman crossing the road,Annotator 10,149
1041,scene-1041,test,d,Slow down and yield for the crossing pedestrians,Annotator 12,149
1041,scene-1041,test,d,slow down and stop at the crosswalk for the pedestrians to cross the road,Annotator 7,148
1041,scene-1041,test,d,slow down for the pedestrians crossing,Annotator 11,149
1041,scene-1041,test,ds,slow down to lett the pedestrians go through then continue going straight,Annotator 9,150
1042,scene-1042,test,S,Take a harsh right at the intersection,Annotator 10,150
1042,scene-1042,test,s,Take a right turn and follow the car in front of you,Annotator 12,150
1042,scene-1042,test,s,after the speed bump turn right,Annotator 11,150
1042,scene-1042,test,unknown,make a right turn at the intersection and follow the vehicle in front of you,Annotator 9,151
1042,scene-1042,test,unknown,take a right,Annotator 7,149
1043,scene-1043,test,S,Take a right at the intersection and then drive past the taxi loop,Annotator 10,151
1043,scene-1043,test,d,Take a right turn slowing down for the cars stopping at the hotel,Annotator 12,151
1043,scene-1043,test,unknown,take a right,Annotator 7,150
1,scene-0001,trainval,d,"Turn left, then stay on the right side to avoid hitting the person on the right side of the truck. Go back to left lane once obstructions on left lane are gone.",Annotator 5,2
1,scene-0001,trainval,s,Turn right and move to the other lane carefully to avoid the trucks on the side of the road. Move back to other lane when the trucks clear up.,Annotator 2,2
1,scene-0001,trainval,s,turn right and then slide into the left lane to avoid hitting the trucks,Annotator 3,2
1,scene-0001,trainval,sd,"turn left into the road, Drive around road blockages",Annotator 4,2
2,scene-0002,trainval,s,"Turn left, then slow down right before the speed bump to reduce impact.",Annotator 5,3
2,scene-0002,trainval,s,Turn right and continue down this road. The road will change from two lanes into one lane.,Annotator 2,3
2,scene-0002,trainval,s,turn left,Annotator 4,3
2,scene-0002,trainval,s,turn left at the intersection,Annotator 3,413
3,scene-0003,trainval,d,"Wait unitl the gate opens, move forward, slow down for pedestrians, stop for incoming traffic",Annotator 4,4
3,scene-0003,trainval,ds,"Slow down on the speed bump, come to a stop near the toll gate until it opens, slowly proceed but watch out for the group of individuals crossing the street, then turn left",Annotator 5,4
3,scene-0003,trainval,ds,follow the car in front stop for the barricades,Annotator 3,414
3,scene-0003,trainval,sd,"Go straight, but make sure to stop for the crossing bar. Continue forward and watch out for the group of people crossing the road.",Annotator 2,4
4,scene-0004,trainval,d,"Slightly slow down for the person crossing the street, then preceed as normal.",Annotator 5,6
4,scene-0004,trainval,d,be catious of pedestrians,Annotator 4,5
4,scene-0004,trainval,unknown,Continue going straight.,Annotator 2,5
5,scene-0005,trainval,s,Follow the cones to merge onto the other lane,Annotator 4,6
5,scene-0005,trainval,s,"Switch to the left lane to avoid the construction on the right lane, and preceed on the right lane after the construction is clear.",Annotator 5,7
5,scene-0005,trainval,s,stop at the intersection,Annotator 3,416
5,scene-0005,trainval,sd,Turn and merge onto the left lane. Follow the yellow car in front.,Annotator 2,6
6,scene-0006,trainval,d,"Continue straight then change lanes when the car is in the way, then turn left immediately.",Annotator 2,7
6,scene-0006,trainval,ds,Slightly go to the right to avoid hitting the person walking down the left lane,Annotator 5,8
6,scene-0006,trainval,s,"Slow down for road obstruction, Move to the right lane, Move back to left lane and make a left turn.",Annotator 4,7
6,scene-0006,trainval,s,"Switch to the right lane when you see the truck on the left lane, then go back to the left lane once the truck is gone, then turn left",Annotator 5,9
6,scene-0006,trainval,s,swerve around the parked car then turn left,Annotator 3,417
7,scene-0007,trainval,d,"Slow down when the people are crossing the street on the left side, then proceed normally.",Annotator 5,11
7,scene-0007,trainval,d,Turn left after the two individuals cross the street,Annotator 5,10
7,scene-0007,trainval,s,Continue straight and then turn left. Watch out for pedestrians on the road.,Annotator 2,8
7,scene-0007,trainval,unknown,turn left,Annotator 3,418
8,scene-0008,trainval,s,Take the left that comes right after the white truck on the right side of the road.,Annotator 5,12
8,scene-0008,trainval,unknown,Continue straight and then turn left.,Annotator 2,9
8,scene-0008,trainval,unknown,turn left,Annotator 3,419
9,scene-0009,trainval,unknown,Continue going straight.,Annotator 2,10
10,scene-0010,trainval,s,Switch to the left lane after passing the final obstructing car parked on the left lane.,Annotator 5,14
10,scene-0010,trainval,s,Turn right and then continue going straight. Merge onto the left lane once the trucks clear up.,Annotator 2,11
10,scene-0010,trainval,s,"complete the right turn, then switch into the left lane",Annotator 3,421
10,scene-0010,trainval,unknown,switch to the left lane,Annotator 4,11
11,scene-0011,trainval,ds,Avoid the vehicle and obstructions in front of you by getting onto the middle of the road. Drive slowly and go back to the original lane once obstructions clear.,Annotator 5,15
11,scene-0011,trainval,s,Drive around the road obstruction,Annotator 4,12
11,scene-0011,trainval,s,Turn and split the lanes in order to avoid the trucks. Get back onto our side once the construction clears up.,Annotator 2,12
11,scene-0011,trainval,s,turn left then go around the parked cars,Annotator 3,422
12,scene-0012,trainval,d,Slow down when the  orange bus turns into your lane.,Annotator 5,17
12,scene-0012,trainval,unknown,Continue going straight.,Annotator 2,13
13,scene-0013,trainval,d,Follow the orange bus.,Annotator 5,18
13,scene-0013,trainval,d,Follow yellow bus.,Annotator 2,15
13,scene-0013,trainval,unknown,Continue going on the same lane,Annotator 2,14
14,scene-0014,trainval,d,Follow the orange bus.,Annotator 5,19
14,scene-0014,trainval,d,Follow yellow bus.,Annotator 2,17
14,scene-0014,trainval,d,continue straight when vehicle in front starts continuing straight,Annotator 4,15
14,scene-0014,trainval,d,follow the orange bus,Annotator 3,425
14,scene-0014,trainval,unknown,Continue going on the same lane,Annotator 2,16
15,scene-0015,trainval,d,Follow the orange bus.,Annotator 5,20
15,scene-0015,trainval,d,Follow yellow bus.,Annotator 2,19
15,scene-0015,trainval,unknown,Continue going on the same lane,Annotator 2,18
16,scene-0016,trainval,s,Turn left and then continue going straight. Move on to the other lane when the FedEx truck is blocking our lane.,Annotator 2,20
16,scene-0016,trainval,s,"Turn left, switch to the right lane when you see the stationary white truck",Annotator 5,21
16,scene-0016,trainval,s,"turn left , Drive around the road obstruction",Annotator 4,17
16,scene-0016,trainval,s,turn left and move around the parked vehicles,Annotator 3,427
17,scene-0017,trainval,d,Stop when the people are crossing the road,Annotator 5,23
17,scene-0017,trainval,d,"switch lanes to the left lane, stop for incoming pedestrians",Annotator 4,18
17,scene-0017,trainval,s,Switch to the left lane when it appears,Annotator 5,22
17,scene-0017,trainval,s,slide into the left turning lane and then stop at the zebra crossing,Annotator 3,428
17,scene-0017,trainval,sd,Continue going straight and then change lanes to take a left. Wait for people to finish crossing,Annotator 2,21
18,scene-0018,trainval,s,Merge on to the lane in front and then take the left turn.,Annotator 2,22
18,scene-0018,trainval,s,complete the left turn then enter the building horshoe,Annotator 3,429
18,scene-0018,trainval,s,"make a left turn and drive aroudn road obstructions, turn left",Annotator 4,19
18,scene-0018,trainval,unknown,"Turn left, then turn left again when you can",Annotator 5,24
19,scene-0019,trainval,d,Stop when you see the group of people at the stopwalk,Annotator 5,27
19,scene-0019,trainval,sd,Take a left turn and then continue going straight. Watch out for people crossing. Start moving to the left.,Annotator 2,23
19,scene-0019,trainval,sd,"turn left, make another left turn.",Annotator 4,20
19,scene-0019,trainval,unknown,Turn left,Annotator 5,25
19,scene-0019,trainval,unknown,turn left,Annotator 3,430
20,scene-0020,trainval,d,Turn to the right once the car has passed through,Annotator 5,28
20,scene-0020,trainval,d,Wait for the black car to pass and then go straight and take a right. Then continue going straight.,Annotator 2,24
20,scene-0020,trainval,s,turn right at the intersection when it is safe,Annotator 3,431
20,scene-0020,trainval,unknown,Turn right into the road when traffic is clear,Annotator 4,21
21,scene-0021,trainval,d,Turn right into the road when traffic is clear,Annotator 4,22
21,scene-0021,trainval,d,Turn right once the car has passed through the intersection,Annotator 5,29
21,scene-0021,trainval,d,Wait for the cars to pass and the people to cross. Then move slowly and take a right turn.,Annotator 2,25
21,scene-0021,trainval,s,turn right at the intersection when it is safe,Annotator 3,432
22,scene-0022,trainval,s,Switch to the left lane and continue going straight. Then take a left turn.,Annotator 2,26
22,scene-0022,trainval,s,Switch to the right lane when you see the stationary car ahead.,Annotator 5,32
22,scene-0022,trainval,s,slide into the left lane then turn left at the intersection,Annotator 3,433
22,scene-0022,trainval,unknown,Switch to the left lane,Annotator 5,30
22,scene-0022,trainval,unknown,Take the first left,Annotator 5,31
22,scene-0022,trainval,unknown,"switch to the left lane, make a left turn.",Annotator 4,23
23,scene-0023,trainval,s,Drive around road blockages,Annotator 4,24
23,scene-0023,trainval,s,Go to the left lane after you pass the car,Annotator 5,33
23,scene-0023,trainval,s,Quickly switch lanes to avoid the car in the road and then continue going straight in the same lane.,Annotator 2,27
24,scene-0024,trainval,d,Continue going straight and merge onto the upcoming lane. Watch out for people crossing.,Annotator 2,28
24,scene-0024,trainval,d,"stop for incoming traffic, if clear continue straight.",Annotator 4,25
24,scene-0024,trainval,ds,Come to a full stop before entering the intersection. Then merge onto the road if no cars are coming.,Annotator 5,35
24,scene-0024,trainval,unknown,"stop at the intersection, then continue going straight",Annotator 3,435
25,scene-0025,trainval,d,Wait for the person and car to cross. Then take a right turn.,Annotator 2,29
25,scene-0025,trainval,d,"Wait for the person to cross the street and for the car to pass through the intersection, then turn right.",Annotator 5,36
25,scene-0025,trainval,d,"stop for incoming traffic and pedestrians, once clear move straight.",Annotator 4,26
25,scene-0025,trainval,d,turn right after the pedestrian finishes crossing,Annotator 3,436
26,scene-0026,trainval,d,"Go on the right side of the car that is partially blocking the lane, then proceed back onto the left lane.",Annotator 5,37
26,scene-0026,trainval,s,"Drive around the vehicles blocking the road, come to a complete stop behind stop vehicle.",Annotator 4,27
26,scene-0026,trainval,s,Quickly change lanes to avoid the car then get back to the left lane and continue going straight. Slow down behind the person in the motorcycle.,Annotator 2,30
26,scene-0026,trainval,s,swerve around the parked cars,Annotator 3,437
27,scene-0027,trainval,d,Wait for the motorcycle person to pass and then take a right turn and go straight.,Annotator 2,31
27,scene-0027,trainval,d,once vehicle begins to move turn to the right,Annotator 4,28
27,scene-0027,trainval,d,"when the bike moves out of the way, turn right at the intersection",Annotator 3,438
27,scene-0027,trainval,s,Turn to the far right lane,Annotator 5,38
28,scene-0028,trainval,s,Switch lanes and then go back to the orginal lane. Then wait at the stop lights. Wait for the people crossing.,Annotator 2,32
28,scene-0028,trainval,s,"Switch partially to the right lane before reaching the car in front, and then stop at the stoplight.",Annotator 5,39
28,scene-0028,trainval,s,swerve around the parked cars then stop at the intersection,Annotator 3,439
28,scene-0028,trainval,sd,Drive around the road obstruction.,Annotator 4,29
29,scene-0029,trainval,unknown,Just wait for the lights.,Annotator 2,33
30,scene-0030,trainval,d,turn to the right once traffic is clear,Annotator 4,31
30,scene-0030,trainval,s,stop at the intersections,Annotator 3,441
30,scene-0030,trainval,unknown,Go straight on the lane. Then wait for a little bit before taking a left.,Annotator 2,34
30,scene-0030,trainval,unknown,Turn left slowly at the intersection,Annotator 5,41
31,scene-0031,trainval,unknown,Follow the current lane.,Annotator 2,35
32,scene-0032,trainval,d,"turn left, turn left again.",Annotator 4,33
32,scene-0032,trainval,unknown,Take a left turn and merge onto the new road. Then continue on the new lane.,Annotator 2,36
32,scene-0032,trainval,unknown,Take the very first left,Annotator 5,43
32,scene-0032,trainval,unknown,turn left,Annotator 3,443
33,scene-0033,trainval,d,Continue going on the same lane. Slow down for the bust in front.,Annotator 2,37
33,scene-0033,trainval,d,Slow down when you are close to the large vehicle in front.,Annotator 5,45
34,scene-0034,trainval,s,Continue on the same lane. Move to the next lane to avoid the truck and then get back onto the previous lane.,Annotator 2,38
34,scene-0034,trainval,s,Drive around the road obstruction,Annotator 4,35
34,scene-0034,trainval,s,"Slightly go on the right lane, across the double marked lines, to avoid hitting the truck in front, then go back to the left lane.",Annotator 5,46
35,scene-0035,trainval,unknown,Continue straight on the same lane.,Annotator 2,39
36,scene-0036,trainval,s,follow the road,Annotator 1,2
36,scene-0036,trainval,unknown,Continue on the same lane.,Annotator 2,40
38,scene-0038,trainval,d,Follow the gray car.,Annotator 2,42
38,scene-0038,trainval,s,"After passig the obstruction on the left side of the road, merge back onto the left lane",Annotator 5,50
38,scene-0038,trainval,s,Drive around the road blockages,Annotator 4,38
38,scene-0038,trainval,s,Split the lane to avoid the trucks on the side of the road.,Annotator 2,43
38,scene-0038,trainval,sd,"follow the car ahead, avoid and drive around the vehicles on the side of the road",Annotator 1,3
39,scene-0039,trainval,unknown,Continue straight,Annotator 2,44
41,scene-0041,trainval,s,Switch to the rightmost lane,Annotator 5,53
41,scene-0041,trainval,s,Take a left turn and the continue going straight. Stop behind the white car.,Annotator 2,45
41,scene-0041,trainval,s,Turn left onto the leftmost lane,Annotator 5,52
41,scene-0041,trainval,s,turn left at the intersection and merge onto the far right lane,Annotator 1,5
41,scene-0041,trainval,s,"turn left at the intersection, then slide into the right most lane, then stop at the intersection",Annotator 3,450
41,scene-0041,trainval,s,"turn left, switch lanes all the way to right, stop behind the car",Annotator 4,40
42,scene-0042,trainval,s,Continue going straight and move slightly right to avoid the truck on your left.,Annotator 2,46
42,scene-0042,trainval,s,Go back onto the left lane,Annotator 5,56
42,scene-0042,trainval,s,Keep staying on the right side to avoid hitting the second car on the left side of your lane,Annotator 5,55
42,scene-0042,trainval,s,Stay on the right side of the lane to avoid hitting the car on your left side of the lane,Annotator 5,54
42,scene-0042,trainval,s,"go straight, move away slightly from parked vehicles",Annotator 1,6
43,scene-0043,trainval,d,Slow down when you see when group of individuals crossing the street.,Annotator 5,57
43,scene-0043,trainval,s,Keep going straight and then stop at the stop light.,Annotator 2,47
43,scene-0043,trainval,s,stop at the intersection,Annotator 3,452
44,scene-0044,trainval,d,Slow down when the white truck turns left,Annotator 5,59
44,scene-0044,trainval,s,go straight,Annotator 3,453
44,scene-0044,trainval,sd,slow down at the intersection and wait for the white truck to turn then continue,Annotator 1,8
44,scene-0044,trainval,unknown,Keep going straight and follow the same lane.,Annotator 2,48
45,scene-0045,trainval,d,Pass the toll gate when the gate opens,Annotator 5,62
45,scene-0045,trainval,d,Stop at the toll gate once the car ahead passes through it,Annotator 5,61
45,scene-0045,trainval,d,continue forward once gate opens,Annotator 4,44
45,scene-0045,trainval,s,"stop at the barricade, once the arm is lifted proceed",Annotator 3,454
45,scene-0045,trainval,sd,Move slowly forward and stop behind the car in front of you. Stop in front of the crossing guard. Move once the crossing guard goes up.,Annotator 2,49
46,scene-0046,trainval,s,stop at the intersection,Annotator 3,455
47,scene-0047,trainval,s,continue straight at the intersection,Annotator 1,11
48,scene-0048,trainval,d,Slow down when the person crosses the road,Annotator 5,65
48,scene-0048,trainval,s,"at the end of the construction turn right at the intersection, merge onto the left lane",Annotator 1,12
48,scene-0048,trainval,s,"turn right on the T-junction, then slide into the leftmost lane",Annotator 3,457
48,scene-0048,trainval,sd,Slow down and watch the pedestrian and the turn right and continue going straight,Annotator 2,52
48,scene-0048,trainval,unknown,Turn right at the intersection,Annotator 5,66
48,scene-0048,trainval,unknown,"make a right turn, switch to the left lane",Annotator 4,47
49,scene-0049,trainval,s,Keeping going straight then at the next turn take a left,Annotator 2,53
49,scene-0049,trainval,s,Take the very first left and stay on the leftmost lane,Annotator 5,67
49,scene-0049,trainval,s,turn left at the intersection,Annotator 3,458
49,scene-0049,trainval,s,turn left at the intersection and continue straight,Annotator 1,13
49,scene-0049,trainval,unknown,turn left,Annotator 4,48
50,scene-0050,trainval,s,Keep going straight and then take the first left,Annotator 2,54
50,scene-0050,trainval,s,take the next left turn,Annotator 1,14
50,scene-0050,trainval,s,turn right at the intersection,Annotator 3,459
50,scene-0050,trainval,unknown,Take the very first left and go straight,Annotator 5,68
50,scene-0050,trainval,unknown,turn left,Annotator 4,49
51,scene-0051,trainval,s,"Drive around road blockages, come to a complete stop then continue straight.",Annotator 4,50
51,scene-0051,trainval,s,"Go on the right side of the parked cars, then go back to the lane once it's clear",Annotator 5,69
51,scene-0051,trainval,s,Stop right before the intersection,Annotator 5,70
51,scene-0051,trainval,s,Switch lanes temporarily and then go back to the left lane and wait,Annotator 2,55
51,scene-0051,trainval,s,"swerve around the parked cars then stop at the intersection, then move forward",Annotator 3,460
51,scene-0051,trainval,sd,drive around the parked cars on the left and continue straight,Annotator 1,15
52,scene-0052,trainval,d,Stay on the left side of the car approaching you,Annotator 5,71
52,scene-0052,trainval,ds,Turn left at the intersection,Annotator 5,73
52,scene-0052,trainval,s,"Stay in the middle of the road to avoid the vehicle on the left and right side of the road, then go back on the left side.",Annotator 5,72
52,scene-0052,trainval,s,turn left  at the intersection,Annotator 3,461
52,scene-0052,trainval,sd,Slow down and avoid the white car. Switch lanes to avoid the car in front and then take a left turn at the end of the street,Annotator 2,56
52,scene-0052,trainval,sd,"slow down as you approach the white car and continue along the road driving around any parked cars , take a left at the end of the road",Annotator 1,16
52,scene-0052,trainval,sd,"slow down for incoming vehicle, avoid road obstruction, come to a complete stop then turn left.",Annotator 4,51
53,scene-0053,trainval,d,follow the white sedan ahead of you in your lane,Annotator 1,17
54,scene-0054,trainval,s,"Stay in the middle of the lane to avoid the vehicles on the left and right sides of the road, but then proceed to switching to the left lanes ones the cars on the left clear.",Annotator 5,76
54,scene-0054,trainval,s,"turn left, avoid road obstruction",Annotator 4,53
54,scene-0054,trainval,s,turn right at the intersection,Annotator 3,463
54,scene-0054,trainval,sd,Take a left turn and aviad the cars and trucks  to the left. Split the lane until the trucks clear up.,Annotator 2,58
54,scene-0054,trainval,sd,turn left at the end of the intersection and drive around avoiding parked trucks on the road,Annotator 1,18
54,scene-0054,trainval,unknown,Make a left turn,Annotator 5,75
55,scene-0055,trainval,d,follow the gray car ahead and turn right at the same intersection as it,Annotator 1,19
56,scene-0056,trainval,d,Take the right turn that the grey vehicle in front of you takes.,Annotator 5,79
56,scene-0056,trainval,s,Continue going straight and then take the first right turn when available,Annotator 2,60
56,scene-0056,trainval,s,"turn left, then turn right at the intersection",Annotator 3,465
56,scene-0056,trainval,unknown,Follow the road.,Annotator 5,78
56,scene-0056,trainval,unknown,turn right,Annotator 4,55
57,scene-0057,trainval,d,"Go straight, even once you see the individual crossing the crosswalk. Once passed the crosswalk, switch to the left lane.",Annotator 5,80
57,scene-0057,trainval,s,Take a right turn and then continue going straight.,Annotator 2,61
57,scene-0057,trainval,s,"turn right, then slide into the left lane",Annotator 3,466
57,scene-0057,trainval,unknown,switch to the left lane,Annotator 4,56
58,scene-0058,trainval,s,Keep going straight and then switch to the left lane and take a left.,Annotator 2,62
58,scene-0058,trainval,s,Switch to the left lane once passing the parked vehicles that are on the left lane. Then take the first left,Annotator 5,81
58,scene-0058,trainval,s,slide into the left lane then turn left.,Annotator 3,467
58,scene-0058,trainval,unknown,"switch to the left lane, turn left",Annotator 4,57
58,scene-0058,trainval,unknown,turn left at the intersection,Annotator 1,22
60,scene-0060,trainval,d,Start moving forward slowly when the vehicle in front of you starts to move.,Annotator 5,83
60,scene-0060,trainval,unknown,wait for the prius to move forward,Annotator 1,24
61,scene-0061,trainval,d,Follow the vehicle in front of you.,Annotator 5,85
61,scene-0061,trainval,d,Follow the white van.,Annotator 2,66
61,scene-0061,trainval,s,Take the left turn and merge on to the road.,Annotator 2,65
61,scene-0061,trainval,s,slide into the left turing lane then turn left,Annotator 3,470
61,scene-0061,trainval,unknown,Switch to the left lane.,Annotator 5,84
61,scene-0061,trainval,unknown,turn left,Annotator 4,60
61,scene-0061,trainval,unknown,turn left follow the white van,Annotator 1,25
62,scene-0062,trainval,s,Keep going straight and then switch to the left lane,Annotator 2,67
62,scene-0062,trainval,unknown,merge one lane over to the left,Annotator 1,26
62,scene-0062,trainval,unknown,side to the left lane,Annotator 3,471
62,scene-0062,trainval,unknown,switch to the left lane,Annotator 4,61
63,scene-0063,trainval,d,Follow the vehicle in front of you.,Annotator 5,88
63,scene-0063,trainval,s,Stop right before the intersection.,Annotator 5,87
63,scene-0063,trainval,unknown,"slow down and stop, once road is clear continue straight.",Annotator 4,62
63,scene-0063,trainval,unknown,stop at the intersection then proceed with caution,Annotator 3,472
65,scene-0065,trainval,s,Take the right turn and then keep going straight.,Annotator 2,70
65,scene-0065,trainval,s,turn right at the intersection,Annotator 3,474
65,scene-0065,trainval,unknown,Make a right turn and go straight,Annotator 5,90
65,scene-0065,trainval,unknown,take a right here and continue straight,Annotator 1,29
65,scene-0065,trainval,unknown,turn right,Annotator 4,64
66,scene-0066,trainval,d,"Slowly move forward when there are no cars approaching from behind, but stop once cars are nearby.",Annotator 5,92
66,scene-0066,trainval,d,check for incoming vehicles on left lane,Annotator 4,65
66,scene-0066,trainval,d,wait until there are no vehicles approaching from behind,Annotator 1,30
67,scene-0067,trainval,d,"Stop right before the crosswalk to let the individual pass, then proceed as normal after.",Annotator 5,94
67,scene-0067,trainval,d,Switch to the left lane once it is clear.,Annotator 5,93
67,scene-0067,trainval,d,"switch to left lane, stop for incoming pedestrian, once clear continue straight.",Annotator 4,66
67,scene-0067,trainval,s,slide into the left lane,Annotator 3,476
67,scene-0067,trainval,sd,",merge onto the main road and stop at the cross walk and wait for pedestrian to cross",Annotator 1,31
67,scene-0067,trainval,sd,Switch to the left lane and then keep going straight. Stop for the pedestrian. Then continue going straight.,Annotator 2,72
68,scene-0068,trainval,d,Make a left turn once all cars from the left side have turned compeltely.,Annotator 5,95
68,scene-0068,trainval,d,"sow down to avoid hitting the truck, then turn left",Annotator 3,477
68,scene-0068,trainval,s,Keep going straight and then take a left.,Annotator 2,73
68,scene-0068,trainval,unknown,turn left,Annotator 4,67
68,scene-0068,trainval,unknown,turn left at the intersection,Annotator 1,32
69,scene-0069,trainval,s,turn left at the intersection,Annotator 3,478
69,scene-0069,trainval,unknown,turn left,Annotator 4,68
69,scene-0069,trainval,unknown,turn left here continue straight,Annotator 1,33
70,scene-0070,trainval,s,Keep going straight and then take a left.,Annotator 2,75
70,scene-0070,trainval,s,turn left at the intersection,Annotator 3,479
70,scene-0070,trainval,unknown,Make a left turn at the intersection,Annotator 5,97
70,scene-0070,trainval,unknown,turn left,Annotator 4,69
71,scene-0071,trainval,s,Follow the road and then take a left to avoid the construction vehicle ahead.,Annotator 2,76
71,scene-0071,trainval,s,"When you see the construction in front of you, take the first left.",Annotator 5,98
71,scene-0071,trainval,s,follow the road to the left and continue left at any obstructions,Annotator 1,34
71,scene-0071,trainval,s,turn left at the intersection,Annotator 3,480
71,scene-0071,trainval,unknown,turn left,Annotator 4,70
72,scene-0072,trainval,d,Make a right turn when the white vehicle passes you from the left.,Annotator 5,99
72,scene-0072,trainval,d,turn right at the intersection when no vehicles are approaching,Annotator 1,35
72,scene-0072,trainval,d,wait for incoming traffic then turn right,Annotator 4,71
72,scene-0072,trainval,s,Take a right turn and then continue.,Annotator 2,77
72,scene-0072,trainval,s,stop at the intersection then turn right,Annotator 3,481
73,scene-0073,trainval,s,Go straight and then take a right turn.,Annotator 2,78
73,scene-0073,trainval,s,stop at the intersection then turn right,Annotator 3,482
73,scene-0073,trainval,s,stop at the stop sign  and turn right,Annotator 1,36
73,scene-0073,trainval,unknown,Turn right.,Annotator 5,101
73,scene-0073,trainval,unknown,turn right,Annotator 4,72
74,scene-0074,trainval,d,Make a left turn when all vehicles from the left side pass by.,Annotator 5,102
74,scene-0074,trainval,d,let the car in the front pass then turn left,Annotator 3,483
74,scene-0074,trainval,s,Take a left turn and merge onto the road and then continue going straight.,Annotator 2,79
74,scene-0074,trainval,unknown,turn left,Annotator 4,73
74,scene-0074,trainval,unknown,turn left when no vehicle are approaching  from either side of the road,Annotator 1,37
76,scene-0076,trainval,s,Take a right and then take another right.,Annotator 2,81
76,scene-0076,trainval,s,"turn right, then turn right at the next intersection",Annotator 3,485
76,scene-0076,trainval,unknown,Make a right turn.,Annotator 5,104
76,scene-0076,trainval,unknown,Make another right turn.,Annotator 5,105
76,scene-0076,trainval,unknown,take two immediate right turns,Annotator 1,39
76,scene-0076,trainval,unknown,"turn right, turn right",Annotator 4,75
92,scene-0092,trainval,sd,continue straight and move away from obstacles and pedestrians,Annotator 1,40
93,scene-0093,trainval,s,turn right at the intersection,Annotator 3,487
93,scene-0093,trainval,unknown,Make a right turn into the middle lane and go straight,Annotator 5,107
93,scene-0093,trainval,unknown,Take a right turn and then continue going straight.,Annotator 2,83
93,scene-0093,trainval,unknown,turn right,Annotator 4,77
93,scene-0093,trainval,unknown,turn right and continue straight,Annotator 1,41
94,scene-0094,trainval,ds,Stop behind the vehicle in front of you.,Annotator 5,108
94,scene-0094,trainval,s,stop at the intersection behind the car,Annotator 3,488
94,scene-0094,trainval,unknown,slow down,Annotator 4,78
95,scene-0095,trainval,d,"once vehicle in front moves, continue straight",Annotator 4,79
95,scene-0095,trainval,ds,Start moving forward when the vehicle in front of you starts to go forward.,Annotator 5,109
96,scene-0096,trainval,d,follow the white car ahead,Annotator 1,44
97,scene-0097,trainval,d,follow the white car ahead,Annotator 1,45
97,scene-0097,trainval,d,"once vehicle in front moves, continue straight",Annotator 4,81
97,scene-0097,trainval,d,start moving when the car in front starts moving,Annotator 3,491
97,scene-0097,trainval,ds,Start moving forward when the vehicle in front of you starts to go forward.,Annotator 5,111
99,scene-0099,trainval,d,"once there is no vehicles in the left lane, switch to the left lane.",Annotator 4,83
99,scene-0099,trainval,d,slide into the left lane when there are no cars in the way,Annotator 3,493
99,scene-0099,trainval,s,Switch to the left lane and then keep going straight.,Annotator 2,89
99,scene-0099,trainval,sd,merge onto the left lane when no vehicles are approaching from behind,Annotator 1,47
99,scene-0099,trainval,unknown,"Switch to the left lane once it is clear to switch, and then go striaght.",Annotator 5,113
100,scene-0100,trainval,d,Wait until the car in front of you starts moving and make sure that the signal is green,Annotator 3,3
100,scene-0100,trainval,s,Keep going straight and then switch to the right lane after the light.,Annotator 2,90
101,scene-0101,trainval,d,"Wait untill the signal turns green, let the car in front of you start moving, once you have started moving slide into the right lane while avoiding collision with the construction equipment on the side of the road",Annotator 3,4
101,scene-0101,trainval,d,follow the car ahead and go straight,Annotator 1,49
101,scene-0101,trainval,d,"once vehicle in front moves, continue straight",Annotator 4,85
101,scene-0101,trainval,s,Switch to the right lane once you pass all objstructions on the right side of the road.,Annotator 5,116
101,scene-0101,trainval,s,Turn right and then continue going left.,Annotator 2,91
102,scene-0102,trainval,d,"Keep going straight, but wait for the black van to merge on to the road.",Annotator 2,92
102,scene-0102,trainval,ds,"Make sure there is no one person on the zebra crossing in front of you, and make that the signal is green, then turn right make sure there's no one on the second zebra crossing, continue turing right until you have entered the lane",Annotator 3,5
102,scene-0102,trainval,unknown,Make a right turn and go straight.,Annotator 5,117
102,scene-0102,trainval,unknown,turn right,Annotator 4,86
102,scene-0102,trainval,unknown,turn right continue straight,Annotator 1,50
103,scene-0103,trainval,d,"Pass through the yellow light, wait for the black SUV to join the lane, once it joins the lane continue driving",Annotator 3,6
103,scene-0103,trainval,d,Slow down when the car from the left hand side starts to turn onto the road.,Annotator 5,119
103,scene-0103,trainval,d,slow down for incoming vehicle,Annotator 4,87
103,scene-0103,trainval,s,"Keep going straight, slow down for the black van to merge",Annotator 2,93
104,scene-0104,trainval,ds,"make sure that the signal light in front of you is green, when the car in front of you starts moving you can start moving, continue driving in the same lane",Annotator 3,7
105,scene-0105,trainval,d,Keep a distance between the car in front of you.,Annotator 5,122
105,scene-0105,trainval,d,continue following the white car ahead,Annotator 1,53
105,scene-0105,trainval,s,slide into the left-most lane and coninue driving in that lane,Annotator 3,8
106,scene-0106,trainval,d,"continue driving in the leftmost lane, when the car in front of you begins to slowdown, you slowdown as well",Annotator 3,9
107,scene-0107,trainval,d,Slow down a little to allow the bus to merge,Annotator 2,97
107,scene-0107,trainval,unknown,continue straight,Annotator 1,55
107,scene-0107,trainval,unknown,go straight,Annotator 3,10
108,scene-0108,trainval,d,Make a right turn after the vehicle form the left side has passed.,Annotator 5,125
108,scene-0108,trainval,d,turn right when no vehicles are approaching,Annotator 1,56
108,scene-0108,trainval,d,wait for the white car to pass when the road is clear turn right,Annotator 3,11
108,scene-0108,trainval,sd,Wait for cars to pass and then turn right and keep going straight,Annotator 2,98
108,scene-0108,trainval,unknown,wait for incoming traffic then turn right,Annotator 4,92
109,scene-0109,trainval,s,Keep going straight around the roundabout,Annotator 2,99
109,scene-0109,trainval,s,enter the roundabout and exit out the first turn,Annotator 1,57
109,scene-0109,trainval,unknown,Enter the round about and keep going straight,Annotator 3,12
109,scene-0109,trainval,unknown,Go about the roundabout and keep going straight,Annotator 5,126
110,scene-0110,trainval,unknown,go straight,Annotator 3,13
120,scene-0120,trainval,d,"Stop right before the closed toll gate, then slowly go straight when it opens",Annotator 5,128
120,scene-0120,trainval,d,"slow down at gate, once it opens continue straight",Annotator 4,95
120,scene-0120,trainval,s,Keep going straight and slow down for the bump,Annotator 2,101
120,scene-0120,trainval,s,"continue going straight in the left most lane, wait for the gate to open, once open drive",Annotator 3,14
121,scene-0121,trainval,s,continue straight stay on the right lane,Annotator 1,60
121,scene-0121,trainval,unknown,continue driving in the rightmost lane,Annotator 3,15
122,scene-0122,trainval,d,"stop for incoming traffic, turn right",Annotator 4,97
122,scene-0122,trainval,s,Keep going straight and wait for the other vehicles to pass before turning right,Annotator 2,103
122,scene-0122,trainval,unknown,Make a right turn.,Annotator 5,131
122,scene-0122,trainval,unknown,"Stop at the intersection, turn right",Annotator 3,16
122,scene-0122,trainval,unknown,turn right when no vehicles are approaching,Annotator 1,61
123,scene-0123,trainval,s,"Immediately after passing the parked truck on the left side of the road, switch to the left lane and make the turn.",Annotator 5,132
123,scene-0123,trainval,s,Merge to left lane and continue on that lane,Annotator 2,104
123,scene-0123,trainval,s,"slide into the left-most lane and cexit from the main road, then continue to drive straight",Annotator 3,17
123,scene-0123,trainval,sd,merge into the left only lane after passing the parked truck and take the left turn,Annotator 1,62
123,scene-0123,trainval,unknown,switch to left lane,Annotator 4,98
124,scene-0124,trainval,unknown,go straight,Annotator 3,18
125,scene-0125,trainval,ds,slide into the left lane and stop at the intersection to let the pedestrians pass.,Annotator 3,19
125,scene-0125,trainval,s,Stop at the next left turn,Annotator 2,106
125,scene-0125,trainval,unknown,"Before reaching the intersection, switch to the left lane.",Annotator 5,134
125,scene-0125,trainval,unknown,"switch to left lane, stop at intersection",Annotator 4,100
125,scene-0125,trainval,unknown,turn left at the end of the road,Annotator 1,64
126,scene-0126,trainval,d,Take a left after the white vehicle has passed by.,Annotator 5,136
126,scene-0126,trainval,d,Take the same right turn as the vehicle in front.,Annotator 5,137
126,scene-0126,trainval,d,"slow down, then turn right once near the broken line section in the middle of the road",Annotator 3,21
126,scene-0126,trainval,d,turn left once the the car in front of you has passed,Annotator 3,20
126,scene-0126,trainval,s,Take a left turn and keep going straight and take the next right,Annotator 2,107
126,scene-0126,trainval,sd,turn left when no vehicles are approaching and follow the white car ahead turn right,Annotator 1,65
126,scene-0126,trainval,unknown,"turn left, turn right",Annotator 4,101
127,scene-0127,trainval,d,"slow down for oncoming pedestrians and traffic, continue straight once clear.",Annotator 4,102
127,scene-0127,trainval,ds,"Once the gate opens, slowly proceed and continue straight while avoiding the obstacles around.",Annotator 5,138
127,scene-0127,trainval,s,go straight drive around any parked vehicles or pedestrians,Annotator 1,66
127,scene-0127,trainval,s,"wait for the gate to open, then proceed slowly",Annotator 3,22
127,scene-0127,trainval,sd,Wait for the bar to raise and the go slowly straight.,Annotator 2,108
128,scene-0128,trainval,s,slow down at the zebra Crossing,Annotator 3,23
129,scene-0129,trainval,s,Take a right turn and keep going straight,Annotator 2,110
129,scene-0129,trainval,s,"continue driving on the road, then stop at the zebra crossing and go straight.",Annotator 3,24
129,scene-0129,trainval,unknown,turn right,Annotator 4,104
130,scene-0130,trainval,d,Wait for the individuals to cross the street and then proceed forward.,Annotator 5,141
130,scene-0130,trainval,d,Wait for the pedestrians to pass before going straight,Annotator 2,111
130,scene-0130,trainval,d,"stop for pedestrians, once clear continue straight",Annotator 4,105
130,scene-0130,trainval,d,wait for pedestrians to cross the crosswalk and continue straight,Annotator 1,69
130,scene-0130,trainval,d,"wait for the pedestrians to cross, then continue to go straight.",Annotator 3,25
131,scene-0131,trainval,d,Make a left turn once the vehicle from the left passes by.,Annotator 5,142
131,scene-0131,trainval,d,Wait for the white car to pass before turning left and merging onto the lane,Annotator 2,112
131,scene-0131,trainval,d,"stop for on coming traffic, once clear turn left.",Annotator 4,106
131,scene-0131,trainval,d,turn left when no vehicle is approaching,Annotator 1,70
131,scene-0131,trainval,d,"wait for the car to pass, then turn left",Annotator 3,26
132,scene-0132,trainval,ds,Take the left turn that is right after the speed bump and stay on the left side to allow the oncoming car to pass.,Annotator 5,143
132,scene-0132,trainval,s,Slow down before take a left turn,Annotator 2,113
132,scene-0132,trainval,s,"stop at the intersection, turn left",Annotator 3,27
132,scene-0132,trainval,s,turn left after the speedbump,Annotator 1,71
132,scene-0132,trainval,unknown,turn left,Annotator 4,107
133,scene-0133,trainval,s,"Go to the right side of the road to avoid hitting the bus on the left side of the road, and then switch back to the left once passed.",Annotator 5,144
133,scene-0133,trainval,s,Slide back into the right lane to avoid colliding with the car in front,Annotator 3,29
133,scene-0133,trainval,s,Take a slight right to avoid the bus and then move back to the left lane.,Annotator 2,114
133,scene-0133,trainval,s,drive around the parked bus,Annotator 1,72
133,scene-0133,trainval,s,go around vehicle,Annotator 4,108
133,scene-0133,trainval,s,"slide into the right lane to avoid colliding with the bus,",Annotator 3,28
134,scene-0134,trainval,d,"stop for incoming traffic, once clear turn left.",Annotator 4,109
134,scene-0134,trainval,s,Stop at the intersection stopsign. Then turn left,Annotator 5,145
134,scene-0134,trainval,s,"stop at the intersection, then turn right",Annotator 3,30
134,scene-0134,trainval,sd,Wait for the white car to pass before turning left and merging onto the leftmost lane,Annotator 2,115
134,scene-0134,trainval,unknown,turn left here,Annotator 1,73
135,scene-0135,trainval,unknown,go straight,Annotator 3,31
138,scene-0138,trainval,s,"stop at the crosswalk, then continue",Annotator 3,32
139,scene-0139,trainval,s,drive around pedestrians on the side of the road and merge into the left only lane at the intersection,Annotator 1,76
139,scene-0139,trainval,unknown,conintue on the road,Annotator 3,33
149,scene-0149,trainval,s,Take a left turn and then continue down the road,Annotator 2,119
149,scene-0149,trainval,unknown,Turn left and continue.,Annotator 5,150
149,scene-0149,trainval,unknown,turn left,Annotator 4,113
149,scene-0149,trainval,unknown,turn left continue straight,Annotator 1,77
149,scene-0149,trainval,unknown,turn right and continue on the road,Annotator 3,34
150,scene-0150,trainval,unknown,go straight,Annotator 3,35
151,scene-0151,trainval,d,follow the gray car ahead and turn right,Annotator 1,79
151,scene-0151,trainval,s,"Before reaching the vehicle in front, switch to the right lane.",Annotator 5,154
151,scene-0151,trainval,s,Make a right turn and enter the first lane,Annotator 5,152
151,scene-0151,trainval,s,Take right turn and continue down the road,Annotator 2,121
151,scene-0151,trainval,s,turn right at the intersection and stay in the right lane,Annotator 3,36
151,scene-0151,trainval,unknown,turn right,Annotator 4,115
152,scene-0152,trainval,s,Move to the right lane to avoid the bus,Annotator 2,122
152,scene-0152,trainval,s,continue straight change lanes to avoid parked buses,Annotator 1,80
152,scene-0152,trainval,s,slide into the right lane in order to avoid hitting parked busses,Annotator 3,37
152,scene-0152,trainval,unknown,switch to the right lane,Annotator 4,116
154,scene-0154,trainval,d,"complete the turn then slow down for the parkinmg car, continue slowly. Slide slightly to the left to avoid hitting the approaching car",Annotator 3,38
154,scene-0154,trainval,d,follow the road move away from approaching vehicle in the same lane,Annotator 1,81
154,scene-0154,trainval,d,"turn left, slow down for incoming traffic",Annotator 4,117
154,scene-0154,trainval,sd,Take a left turn and merge onto the street. Shift slightly to the right to avoid the yellow car,Annotator 2,123
154,scene-0154,trainval,unknown,Finish the left turn,Annotator 5,156
154,scene-0154,trainval,unknown,Squeeze to the leftmost side of the road to allow the vehicle in front to squeeze through the middle.,Annotator 5,157
155,scene-0155,trainval,d,"turn left, turn left and come to a stop for incoming pedestrians",Annotator 4,118
155,scene-0155,trainval,ds,"Make a left turn, but stop at the cross walk when the individual crosses, then proceed after.",Annotator 5,158
155,scene-0155,trainval,s,"after turing into the left lane continue along the road, then turn left in the turning lane, but first stop at the crossing and let the pedestrian cross",Annotator 3,39
155,scene-0155,trainval,sd,Take a left turn and then take another left turn on the next left.,Annotator 2,124
155,scene-0155,trainval,unknown,"turn left here, continue and turn into the left turn lane",Annotator 1,82
157,scene-0157,trainval,d,"After the motorcycle drives by from the left side, make a right turn.",Annotator 5,159
157,scene-0157,trainval,d,turn right when no vehicle is approaching,Annotator 1,83
157,scene-0157,trainval,d,"wait until traffic is clear, turn right",Annotator 4,119
157,scene-0157,trainval,s,Wait for the motorcycle to pass before taking a right turn,Annotator 2,125
157,scene-0157,trainval,s,"wait at the intersection, then turn right and continue in the left lane.",Annotator 3,40
158,scene-0158,trainval,d,Follow the vehicle ahead,Annotator 5,161
158,scene-0158,trainval,d,"Once the path is clear, go straight.",Annotator 5,160
158,scene-0158,trainval,d,Wait for the worker to remove the cone before continuing straight and then follow the truck in front,Annotator 2,126
158,scene-0158,trainval,d,"wait for pedestrians, once clear continue straight",Annotator 4,120
158,scene-0158,trainval,d,"wait for the construction worker to remove the traffic cone and then waive the flag, once given the signal to move, proceed slowly.",Annotator 3,41
158,scene-0158,trainval,sd,wait until worker moves away obstructing cone and follow the bus ahead,Annotator 1,84
159,scene-0159,trainval,d,"Once all individuals cross the crosswalk, proceed forward.",Annotator 5,162
159,scene-0159,trainval,d,Wait for the workers to pass before continue down the street and then merging onto the lane,Annotator 2,127
159,scene-0159,trainval,d,wait for all pedestrians to cross the road then continue,Annotator 1,85
159,scene-0159,trainval,d,"wait for pedestrians, once clear continue straight.",Annotator 4,121
159,scene-0159,trainval,d,"wait for the pedestrians to cross, then slowly merge into left lanne of the main street",Annotator 3,42
160,scene-0160,trainval,d,"In order to merge into  the road, beign entering the street and then check on coming traffic once it is clear, merge into the street.",Annotator 3,43
160,scene-0160,trainval,d,Wait for the blue car to pass before moving to the right lane,Annotator 2,128
160,scene-0160,trainval,d,"wait for incoming traffic, once clear continue straight",Annotator 4,122
160,scene-0160,trainval,ds,"Once all vehicles on the right lane pass by, cross the double-lined road to the right side.",Annotator 5,163
160,scene-0160,trainval,sd,drive around parked traffic in the left lane however only change lanes when there are no vehicles approaching from the other side of the road,Annotator 1,86
161,scene-0161,trainval,d,"Once the dark-colored vehicle has passed you, proceed forward.",Annotator 5,164
161,scene-0161,trainval,d,Wait for the black car to pass before going down the road,Annotator 2,129
161,scene-0161,trainval,d,"wait for the Jeep to pass, then slowly move forward",Annotator 3,44
161,scene-0161,trainval,d,wait until there is no incoming vehicle from the left side,Annotator 1,87
162,scene-0162,trainval,d,Make a right turn if no cars are coming from the left side.,Annotator 5,166
162,scene-0162,trainval,d,"turn left, wait for incoming traffic once clear turn right.",Annotator 4,123
162,scene-0162,trainval,d,"turn right, then turn right agai to merge into the street.",Annotator 3,45
162,scene-0162,trainval,s,Make a left turn and stop right before the intersection.,Annotator 5,165
162,scene-0162,trainval,s,Turn left and then turn right,Annotator 2,130
162,scene-0162,trainval,sd,exit the parking lot and turn right,Annotator 1,88
163,scene-0163,trainval,unknown,go straight,Annotator 3,46
163,scene-0163,trainval,unknown,turn right at the intersection continue straight,Annotator 1,89
164,scene-0164,trainval,s,Make the first right turn.,Annotator 5,168
164,scene-0164,trainval,s,Take right turn and then go straight,Annotator 2,132
164,scene-0164,trainval,s,turn right and continue on the road,Annotator 3,47
164,scene-0164,trainval,unknown,turn right.,Annotator 4,125
165,scene-0165,trainval,s,slow down in the construction zone then continue moving straight along the road,Annotator 3,48
166,scene-0166,trainval,s,keep going straight and begin slowing down as we approach the stop sign.,Annotator 3,49
167,scene-0167,trainval,unknown,continue following the road,Annotator 3,50
168,scene-0168,trainval,unknown,continue going along the road.,Annotator 3,51
170,scene-0170,trainval,s,Stop right next to the truck.,Annotator 5,176
170,scene-0170,trainval,s,Take left turn and then merge onto the lane and stop right before the yellow truck,Annotator 2,137
170,scene-0170,trainval,s,turn left and avoid vehicile,Annotator 4,130
170,scene-0170,trainval,s,turn left and stop by the yellow semi truck,Annotator 1,95
170,scene-0170,trainval,s,"turn left at the intersection, then stop near the parked Semi-truck",Annotator 3,52
170,scene-0170,trainval,unknown,Make a left turn,Annotator 5,175
171,scene-0171,trainval,s,Continue down the road and move a little bit to the left to avoid the parked trucks,Annotator 2,138
171,scene-0171,trainval,s,Go left when the left lane opens up.,Annotator 5,177
171,scene-0171,trainval,s,"continue on road, avoid hitting parked vehicles",Annotator 3,53
171,scene-0171,trainval,unknown,continue straight,Annotator 1,96
172,scene-0172,trainval,s,"Stop right before the blue bus, then after a brief moment continue driving.",Annotator 5,178
172,scene-0172,trainval,s,Stop right before the bus and then turn at the incoming left,Annotator 2,139
172,scene-0172,trainval,s,Take a left,Annotator 5,179
172,scene-0172,trainval,s,drive around the blue parked bus and turn left at the end of the road,Annotator 1,97
172,scene-0172,trainval,s,"go around vehicle , turn left",Annotator 4,132
172,scene-0172,trainval,s,"slow down ans stop for the stopped bus, once its safe to go, continue going straight and then make a left turn.",Annotator 3,54
173,scene-0173,trainval,ds,Stop briefly right before the intersection and turn left when there are no cars coming from either side.,Annotator 5,180
173,scene-0173,trainval,s,Turn left at the dead end,Annotator 2,140
173,scene-0173,trainval,s,keep going straight and slow down as you enter the intersection.,Annotator 3,55
173,scene-0173,trainval,s,turn left at the stop sign,Annotator 1,98
174,scene-0174,trainval,s,Turn left and then continue going straight,Annotator 2,141
174,scene-0174,trainval,s,turn left and then continue going straight.,Annotator 3,56
174,scene-0174,trainval,unknown,turn left,Annotator 4,134
175,scene-0175,trainval,ds,Stop at the stopsign. Take a right when the second vehicle from the left passes.,Annotator 5,182
175,scene-0175,trainval,s,Go towards the dead end and then stop,Annotator 2,142
175,scene-0175,trainval,s,stop at the intersectio and start moving when it is safe.,Annotator 3,57
176,scene-0176,trainval,ds,Stop at the stopsign. Take a right when the vehicle from the left passes.,Annotator 5,183
176,scene-0176,trainval,ds,"stop at the intersection near the stop sight, let the black truck pass,then turn right.",Annotator 3,58
176,scene-0176,trainval,s,Stop at the stop sign and then turn right,Annotator 2,143
176,scene-0176,trainval,s,turn right at the stop sign when there are also no incoming vehicles,Annotator 1,101
177,scene-0177,trainval,d,Stop at the gate and then continue once the gate opens,Annotator 2,144
177,scene-0177,trainval,d,"stop at the gate, move slowly when the arm rises up.",Annotator 3,59
177,scene-0177,trainval,ds,"Slowly approach the gate until it opens, then proceed forward.",Annotator 5,185
177,scene-0177,trainval,s,Stop before you reach the toll gate.,Annotator 5,184
178,scene-0178,trainval,s,Keep going straight and then take right down hill,Annotator 2,145
178,scene-0178,trainval,s,Make the second right turn and stay on the left lane.,Annotator 5,186
178,scene-0178,trainval,unknown,"continue driving on the road, stay on the right side.",Annotator 3,60
178,scene-0178,trainval,unknown,follow the road to the right at the fork in the road,Annotator 1,103
178,scene-0178,trainval,unknown,turn right,Annotator 4,138
179,scene-0179,trainval,d,slowly move around walking pedestrian,Annotator 4,139
179,scene-0179,trainval,d,"when the pedestrian passes, continue moving ahead.",Annotator 3,61
179,scene-0179,trainval,ds,"Drive slowly forward until the individual in front passes by, then go straight.",Annotator 5,187
179,scene-0179,trainval,sd,Merge onto the the street after the pedestrian passes,Annotator 2,146
180,scene-0180,trainval,s,turn right and then follow the arros on the street.,Annotator 3,62
180,scene-0180,trainval,unknown,Make a right turn in the parking lot and then follow the path.,Annotator 5,188
180,scene-0180,trainval,unknown,turn right,Annotator 4,140
181,scene-0181,trainval,d,"Slowly proceed forward until the toll gate opens, then proceed with normal speed.",Annotator 5,189
181,scene-0181,trainval,s,Wait for the gate to open and then continue straight,Annotator 2,148
181,scene-0181,trainval,s,"wait for the gate to open, then proceed slowly",Annotator 3,63
182,scene-0182,trainval,unknown,go straight,Annotator 3,64
183,scene-0183,trainval,unknown,go straight,Annotator 3,65
184,scene-0184,trainval,unknown,continue along the road,Annotator 3,66
184,scene-0184,trainval,unknown,continue driving up the hill,Annotator 1,109
185,scene-0185,trainval,d,Turn right and wait for the pedestrians to pass before continuing straight,Annotator 2,152
185,scene-0185,trainval,d,take a right here and wait for the pedestrian to cross the road before continuing straight,Annotator 1,110
185,scene-0185,trainval,d,turn right and wait for pedestrian to pass by,Annotator 4,145
185,scene-0185,trainval,d,"turn right and wait for the pedestrian to cross, once he crosses start moving forward",Annotator 3,67
185,scene-0185,trainval,ds,Make a right turn and stop before the crosswalk to let the pedestrian cross the road. Then proceed once the individual has passed.,Annotator 5,193
187,scene-0187,trainval,d,slow down for pedestrian,Annotator 4,146
187,scene-0187,trainval,ds,"Slightly move to the right side of the lane to avoid hitting the person, and stop right before the stopsign.",Annotator 5,194
187,scene-0187,trainval,s,stop at the intersection,Annotator 3,68
188,scene-0188,trainval,d,ignore pedestrians on the side of the road,Annotator 1,112
188,scene-0188,trainval,s,continue following the road,Annotator 3,69
190,scene-0190,trainval,ds,Stop right behind the vehicle in front of you.,Annotator 5,196
190,scene-0190,trainval,s,Go straight and then stop behind the grey car,Annotator 2,155
190,scene-0190,trainval,s,stop behind the stopped car,Annotator 3,70
191,scene-0191,trainval,s,Turn right and then continue going down the road,Annotator 2,156
191,scene-0191,trainval,s,Turn right when you reach the yellow marking on the road.,Annotator 5,197
191,scene-0191,trainval,s,turn right at the T junction,Annotator 3,71
191,scene-0191,trainval,unknown,turn right continue straight,Annotator 1,114
192,scene-0192,trainval,d,Make a left turn when all vehicles from the right pass.,Annotator 5,198
192,scene-0192,trainval,d,turn left when it is safe to do so.,Annotator 3,72
192,scene-0192,trainval,d,turn left when there are no vehicles approaching,Annotator 1,115
192,scene-0192,trainval,d,wait till the road is clear of moving cars and turn left,Annotator 4,150
192,scene-0192,trainval,sd,Wait for the cars to pass and then turn left and merge onto the road,Annotator 2,157
193,scene-0193,trainval,ds,Stop before the intersection if the stoplight is red.,Annotator 5,199
193,scene-0193,trainval,s,stop at the intersection,Annotator 3,73
194,scene-0194,trainval,d,Follow the vehicle in front of you and take the same turn.,Annotator 5,200
194,scene-0194,trainval,d,Stop behind the gray car at the stoplight,Annotator 2,159
194,scene-0194,trainval,d,follow the silver car ahead,Annotator 1,117
194,scene-0194,trainval,s,"follow the road, then stop at the intersection",Annotator 3,74
195,scene-0195,trainval,d,Pick up to normal speed once passing by the bus and the vehicle that are on the right lane.,Annotator 5,201
195,scene-0195,trainval,unknown,continue straight on the road,Annotator 3,75
196,scene-0196,trainval,unknown,go straight,Annotator 3,76
199,scene-0199,trainval,unknown,go straight,Annotator 3,77
200,scene-0200,trainval,s,Move slightly to the left of the gray container and then continue driving,Annotator 2,163
200,scene-0200,trainval,s,"Right before approaching the parked vehicle in front of you, switch to the left lane to avoid hitting it.",Annotator 5,204
200,scene-0200,trainval,s,continue straight turn slightly right into the right lane drive around the parked truck,Annotator 1,121
200,scene-0200,trainval,s,go around road obstruction,Annotator 4,156
200,scene-0200,trainval,s,swerve around the container,Annotator 3,78
202,scene-0202,trainval,s,Stop at the stopsign. After a full stop proceed through the intersection.,Annotator 5,205
202,scene-0202,trainval,s,stay on the right lane when ap[racing the stop sign,Annotator 1,122
202,scene-0202,trainval,s,"turn right, stop at the stop sign, then continue driving",Annotator 3,79
203,scene-0203,trainval,d,Stop right before the crosswalk to let the individual pass through. Then proceed forward as normal.,Annotator 5,206
203,scene-0203,trainval,d,"turn right here, wait for pedestrian to cross the road and continue straight",Annotator 1,123
203,scene-0203,trainval,d,turn right wait for incoming pedestrian,Annotator 4,158
203,scene-0203,trainval,ds,"stop at the zebra crossing wait for the pedestrian to cross, then continue driving",Annotator 3,80
203,scene-0203,trainval,sd,Drive to the left and wait for the pedestrian to pass before continuing to drive,Annotator 2,165
204,scene-0204,trainval,unknown,go straight,Annotator 3,81
206,scene-0206,trainval,s,Slow down before turning to the left,Annotator 2,167
206,scene-0206,trainval,s,"slow down at the intersection, do a slight left turn.",Annotator 3,82
207,scene-0207,trainval,d,Slow down before approaching the vehicle in front of you and proceed as normal once the vehical makes its turn.,Annotator 5,209
207,scene-0207,trainval,d,follow the white truck ahead,Annotator 1,126
207,scene-0207,trainval,d,"slow down when approaching the turning truck, once it turns come to gradual stop",Annotator 3,83
207,scene-0207,trainval,s,Stop right before the crosswalk.,Annotator 5,210
208,scene-0208,trainval,d,Wait for the cars to merge onto the street before going straight,Annotator 2,169
208,scene-0208,trainval,d,wait  until there are no approaching cars and pedestrians,Annotator 1,127
208,scene-0208,trainval,d,"wait for all the cars on the left side to pass, then continue driving.",Annotator 3,84
208,scene-0208,trainval,ds,Cross the crosswalk once all cars have merged onto the road,Annotator 5,211
209,scene-0209,trainval,s,stay in the right lane of the road,Annotator 3,85
209,scene-0209,trainval,unknown,follow the road,Annotator 1,128
210,scene-0210,trainval,s,Slow down and move little to the left to avoid the other trucks and then turn left,Annotator 2,171
210,scene-0210,trainval,s,continue straight drive around any obstructing vehicles and turn left at the end of the road,Annotator 1,129
210,scene-0210,trainval,s,"slow down near the intersection, once you cross the intersection turn left.",Annotator 3,86
210,scene-0210,trainval,unknown,Drive around the vehicle slightly on your lane and take a left at the end of the road.,Annotator 5,213
210,scene-0210,trainval,unknown,turn left,Annotator 4,164
211,scene-0211,trainval,s,Turn left  and then stop for a little bit before heading down the road,Annotator 2,172
211,scene-0211,trainval,s,complete the turn then continue going straight,Annotator 3,87
212,scene-0212,trainval,d,Slow down and move to the right to avoid the front car hitting you when the vehicle in front of you starts to enter your lane from the left side.,Annotator 5,215
212,scene-0212,trainval,d,Slow down for a little bit to avoid the truck and then continue driving down the road,Annotator 2,173
212,scene-0212,trainval,d,"slow down, and let the truck pass, then continue going straight",Annotator 3,88
213,scene-0213,trainval,s,slow down and stop at the intersection,Annotator 3,89
213,scene-0213,trainval,unknown,Stop right before the intersection.,Annotator 5,216
218,scene-0218,trainval,d,Do not move as long as there are individuals in front of you.,Annotator 5,218
218,scene-0218,trainval,d,wait for pedestrians,Annotator 4,169
219,scene-0219,trainval,d,Stay stopped before the intersection if there are cars approaching from the left and right sides of the road.,Annotator 5,219
220,scene-0220,trainval,ds,Slow down before the crosswalk to allow the individuals to cross the street.,Annotator 5,220
220,scene-0220,trainval,ds,Slow down right before the intersection to allow the white vehicle fully make its turn. Then proceed as normal.,Annotator 5,221
220,scene-0220,trainval,s,slow down and stop at the intersection,Annotator 3,93
221,scene-0221,trainval,d,turn left and wait for pedestrians,Annotator 4,172
221,scene-0221,trainval,ds,At the intersection turn left when the pedestrians have finished crossing,Annotator 3,94
221,scene-0221,trainval,ds,Make the left turn once the group of individuals have crossed the crosswalk.,Annotator 5,222
221,scene-0221,trainval,sd,Slow down and wait for the people to cross before turning left,Annotator 2,179
222,scene-0222,trainval,d,Proceed forward if the traffic controller on the road gestures to move forward.,Annotator 5,223
224,scene-0224,trainval,ds,Stop before the intersection to let all individuals cross the road. Stay stopped due to the red light at the intersection.,Annotator 5,224
224,scene-0224,trainval,s,stop at the intersection,Annotator 3,96
225,scene-0225,trainval,ds,Make a right turn once the stoplight turns green.,Annotator 5,225
225,scene-0225,trainval,sd,Stop at the stoplight and wait for the people to cross before turning right,Annotator 2,182
225,scene-0225,trainval,unknown,turn right,Annotator 4,175
227,scene-0227,trainval,s,stop at the intersection,Annotator 3,98
228,scene-0228,trainval,ds,"Slow down and stop before the intersection if the stoplight is red, but proceed with normal speed once it turns green.",Annotator 5,228
230,scene-0230,trainval,ds,Slow down before approaching the crosswalk to allow all individuals to cross the street.,Annotator 5,231
230,scene-0230,trainval,s,Slow down and move to the left a little to avoid the construction zone,Annotator 2,187
230,scene-0230,trainval,s,Switch to the left lane to avoid the constriction on the right lane.,Annotator 5,230
230,scene-0230,trainval,s,go around road obstruction,Annotator 4,180
230,scene-0230,trainval,s,slow down and move into the left lane to avoid hitting the traffic cones,Annotator 3,101
231,scene-0231,trainval,d,wait for walking pedestrians,Annotator 4,181
231,scene-0231,trainval,ds,Stay stopped before the crosswalk as along as individuals cross it.,Annotator 5,232
231,scene-0231,trainval,ds,stop in front of the zebra crossing and let all the pedestrians cross,Annotator 3,102
234,scene-0234,trainval,d,turn right after the truck passes,Annotator 3,105
234,scene-0234,trainval,ds,"Once the stoplight has turned green and once the truck has passed through the intersection, make a right turn. Complete the right turn even if there are individuals starting to cross the street.",Annotator 5,235
234,scene-0234,trainval,s,Stop at the crosswalk and then turn right and continue going straight,Annotator 2,191
234,scene-0234,trainval,unknown,turn right,Annotator 4,184
235,scene-0235,trainval,s,stop behind the stopped truck,Annotator 3,106
236,scene-0236,trainval,d,Follow the truck in front of you while maintaining a safe distance.,Annotator 5,237
237,scene-0237,trainval,ds,"Move to the left lane because the right lane is blocked by two cars, and stop right before the intersection if the stoplight is red.",Annotator 5,238
237,scene-0237,trainval,s,Move a little to the left to avoid the truck and then stop at the stoplight,Annotator 2,194
237,scene-0237,trainval,s,"turn left to avoid hitting the parked truck, then stop at the intersection",Annotator 3,108
238,scene-0238,trainval,s,Slow down and move towards the curb on the right and then stop,Annotator 2,195
238,scene-0238,trainval,s,Stop at the curb on the right side of the road right before the crosswalk.,Annotator 5,239
238,scene-0238,trainval,s,pull up beside the curb,Annotator 3,109
238,scene-0238,trainval,unknown,stop beside the curb,Annotator 4,188
239,scene-0239,trainval,s,Stay stopped on the curb that is right before the crosswalk.,Annotator 5,240
240,scene-0240,trainval,d,enter the left lane after all the vehicles pass,Annotator 3,111
240,scene-0240,trainval,ds,"Once all individuals cross the crosswalk and once all vehicles from behind have passed, safely go back onto the road onto the leftmost lane.",Annotator 5,241
240,scene-0240,trainval,s,Merge to the left lan and then continue straight,Annotator 2,197
240,scene-0240,trainval,unknown,merge back into the road,Annotator 4,190
242,scene-0242,trainval,ds,Stay stopped before the intersection if the stoplight is red.,Annotator 5,243
243,scene-0243,trainval,d,Slow down and stop right before approaching the vehicle in front.,Annotator 5,244
243,scene-0243,trainval,s,stop behind the stopped car,Annotator 3,114
244,scene-0244,trainval,d,Slow down and stop right before approaching the vehicle in front.,Annotator 5,245
244,scene-0244,trainval,s,stop behind the stopped car,Annotator 3,115
246,scene-0246,trainval,s,Merge to the left lane to avoid the stopped card and then continue straight,Annotator 2,203
246,scene-0246,trainval,s,Switch to the left lane to avoid the parked vehicle on the right lane.,Annotator 5,247
246,scene-0246,trainval,s,swtich to the left lane to avoid hitting parked car,Annotator 3,117
247,scene-0247,trainval,s,"After passing the intersection, switch to the right lane.",Annotator 5,248
247,scene-0247,trainval,s,Keep going straight and the move to the right lane,Annotator 2,204
247,scene-0247,trainval,s,switch to the right lane,Annotator 3,118
248,scene-0248,trainval,ds,Stay stopped before the intersection if the stoplight is red.,Annotator 5,249
249,scene-0249,trainval,ds,"Complete the right turn once all individuals have crossed the road, then proceed through the street but slowly come to a stop when you near the vehicle in front of you.",Annotator 5,250
249,scene-0249,trainval,s,Turn to the right and then continue going straight down the lane,Annotator 2,206
249,scene-0249,trainval,s,"right right, go straight and slow down near the intersection",Annotator 3,120
250,scene-0250,trainval,d,Wait for the pedestrians to cross and then turn to the right and the keep going straight,Annotator 2,207
250,scene-0250,trainval,ds,Complete the rtight turn once the crosswalk is clear and go straight.,Annotator 5,251
250,scene-0250,trainval,s,turn right then go straight,Annotator 3,121
250,scene-0250,trainval,unknown,turn right,Annotator 4,200
251,scene-0251,trainval,d,Maintain a safe distance with the car in front of you,Annotator 5,252
252,scene-0252,trainval,d,Come to a slow stop when approaching the vehicle in front of you,Annotator 5,253
252,scene-0252,trainval,s,stop behind the stopped car,Annotator 3,123
253,scene-0253,trainval,d,Proceed through traffic with a safe distance from the vehicle in front of you,Annotator 5,254
253,scene-0253,trainval,d,"low down behind the stopped car, and start moving when the car starts driving",Annotator 3,124
254,scene-0254,trainval,s,slow down at the intersection,Annotator 3,125
255,scene-0255,trainval,ds,Make a full stop right before the intersection and turn left if there are no cars approaching from the left or right side.,Annotator 5,256
255,scene-0255,trainval,s,"stop at the intersection, then turn left",Annotator 3,126
255,scene-0255,trainval,sd,Stop at the cross walk and then turn to the left after the gray car merges,Annotator 2,212
255,scene-0255,trainval,unknown,turn left,Annotator 4,205
256,scene-0256,trainval,d,Take a slight right to avoid the trucks and stop behind the smaller truck,Annotator 2,213
256,scene-0256,trainval,d,enter the right lane and stop behind the small truck,Annotator 3,127
256,scene-0256,trainval,ds,Switch to the rightmost lane and keep a safe distance behind the vehicles in that lane.,Annotator 5,257
256,scene-0256,trainval,unknown,switch lanes all the way to the right,Annotator 4,206
257,scene-0257,trainval,s,Stay stopped as long as the vehicle in front of you is stopped.,Annotator 5,258
258,scene-0258,trainval,s,Slightly go on the left edge of the lane to avoid hitting the construction that is partially on the right side.,Annotator 5,259
259,scene-0259,trainval,d,"Make a right turn once the bus has completed its turn in the intersection, and keep a safe distance from the vehicle since it has emergancy lights on.",Annotator 5,260
259,scene-0259,trainval,ds,turn right at the intersection and slow down behind the bus,Annotator 3,130
259,scene-0259,trainval,sd,turn right and the slow down behind the bus,Annotator 2,216
259,scene-0259,trainval,unknown,turn right,Annotator 4,209
260,scene-0260,trainval,ds,Stay stopped before the intersection if the stoplight is red.,Annotator 5,261
262,scene-0262,trainval,d,Make a right turn if there are no individuals crossing the street and if no cars are coming from the left side of the road.,Annotator 5,264
262,scene-0262,trainval,d,once the pedestrian crosses turn right,Annotator 3,133
262,scene-0262,trainval,d,wait for incoming pedestrians. turn right,Annotator 4,212
262,scene-0262,trainval,sd,Turn right after the pedestrians pass,Annotator 2,219
263,scene-0263,trainval,d,"Slow down when the vehicle in front of you starts to turn, but proceed to normal speed once the vehicle is out of your lane.",Annotator 5,265
268,scene-0268,trainval,ds,"Change to the right lane when it appears, and make a right turn while keeping a safe distance with the vehicle in front.",Annotator 5,267
268,scene-0268,trainval,s,Shift to the right lane,Annotator 2,222
268,scene-0268,trainval,s,enter the right turning lane,Annotator 3,136
269,scene-0269,trainval,s,Turn left and then continue down the road,Annotator 2,223
269,scene-0269,trainval,s,turn left at the intersection and continue going on the road,Annotator 3,137
269,scene-0269,trainval,unknown,Make a left turn and go straight.,Annotator 5,268
270,scene-0270,trainval,ds,"Make a full stop before entering the intersection. Once all cars from the left and right side have crossed the road and once the individual ahead crosses the street, proceed forward.",Annotator 5,269
270,scene-0270,trainval,s,stop at the intersection,Annotator 3,138
271,scene-0271,trainval,ds,"Before approaching the next stopped vehicle ahead, stop to let the vehicle approaching you pass by.",Annotator 5,271
271,scene-0271,trainval,s,"Move around the vehicle in front by slightly going on the right lane, then switch back to the left lane.",Annotator 5,270
271,scene-0271,trainval,s,Pass the stopped car and then stop,Annotator 2,225
271,scene-0271,trainval,s,go around stationary vehicle and come to a complete stop,Annotator 4,218
271,scene-0271,trainval,s,"swerve around the stopped car, then come to a stop behind the orange car",Annotator 3,139
272,scene-0272,trainval,d,"Once the vehicle on the right lane has passed you, proceed to move forward",Annotator 5,272
272,scene-0272,trainval,s,Continue down the road and then take a left,Annotator 2,226
272,scene-0272,trainval,s,"continue going straight, then turn left at the turn",Annotator 3,140
272,scene-0272,trainval,unknown,Make a left turn and go straight.,Annotator 5,273
272,scene-0272,trainval,unknown,turn left,Annotator 4,219
273,scene-0273,trainval,s,"Briefly switch to the right lane to avoid the parked car in front, then switch back to the left lane.",Annotator 5,274
273,scene-0273,trainval,s,Shift to the right lane and then back to left lane and then back to the right lane,Annotator 2,227
273,scene-0273,trainval,s,swerve around the parked car,Annotator 3,141
274,scene-0274,trainval,d,"Slow down when you see the individual crossing the road, but go to normal speed after.",Annotator 5,275
275,scene-0275,trainval,s,Stop at the stoplight,Annotator 2,229
275,scene-0275,trainval,s,"go straight, stop at the intersection",Annotator 3,143
276,scene-0276,trainval,d,When the stoplight is green go straight.,Annotator 5,277
276,scene-0276,trainval,s,"After crossing the intersection, switch to the right lane.",Annotator 5,278
277,scene-0277,trainval,s,Continue down the road and then take a right,Annotator 2,231
278,scene-0278,trainval,ds,Slow down when passing by the motorcycle near the lane.,Annotator 5,280
278,scene-0278,trainval,ds,"slow down to avoid hitting the scooter, then turn right at the intersection",Annotator 3,146
278,scene-0278,trainval,unknown,Make a right turn.,Annotator 5,281
278,scene-0278,trainval,unknown,turn right,Annotator 4,225
283,scene-0283,trainval,s,Take a right and then stop at the stop sign,Annotator 2,233
283,scene-0283,trainval,s,"turn right at the intersection, then stop at the next intersection",Annotator 3,147
283,scene-0283,trainval,unknown,Make a right turn and go straight.,Annotator 5,282
283,scene-0283,trainval,unknown,turn right,Annotator 4,226
284,scene-0284,trainval,d,Make a left turn when the traffic controller gestures his arm to the left side and then go straight.,Annotator 5,284
284,scene-0284,trainval,s,Take a left at the stop sign and then continue going down road,Annotator 2,234
284,scene-0284,trainval,s,turn left and then go straight,Annotator 3,148
284,scene-0284,trainval,unknown,turn left,Annotator 4,227
285,scene-0285,trainval,ds,"After almost crossing the intersection, slightly move to the left side of the road to avoid the individual walking toward the vehicle. Go to the right lane after",Annotator 5,285
286,scene-0286,trainval,s,Make a right turn into the middle lane and go straight.,Annotator 5,286
286,scene-0286,trainval,s,Take a right and then continue down the road,Annotator 2,236
286,scene-0286,trainval,s,"turn right, then go straight",Annotator 3,150
286,scene-0286,trainval,unknown,turn right,Annotator 4,229
287,scene-0287,trainval,s,Go straight but stop when before entering the intersection when you see the red stoplight.,Annotator 5,287
288,scene-0288,trainval,s,stop at the intersection,Annotator 3,152
292,scene-0292,trainval,s,Shift to the left lane to avoid the stopped vehicles and then continue down the road,Annotator 2,242
292,scene-0292,trainval,s,Switch to the left lane to avoid the obstruction on the road.,Annotator 5,292
292,scene-0292,trainval,s,slide into the left lane to avoid hitting the parked vehicle,Annotator 3,156
292,scene-0292,trainval,unknown,go around road obstruction,Annotator 4,235
293,scene-0293,trainval,d,"After passing the mail truck, switch to the right lane.",Annotator 5,294
293,scene-0293,trainval,s,Shift to the right lane and then continue down the road,Annotator 2,243
293,scene-0293,trainval,s,Switch to the right lane again after passing all of the construction on the right side.,Annotator 5,295
293,scene-0293,trainval,s,lide to the right lane to avoid hitting the parked car,Annotator 3,157
294,scene-0294,trainval,s,Stop at the intersection,Annotator 2,244
294,scene-0294,trainval,s,stop at the intersection,Annotator 3,158
296,scene-0296,trainval,d,Make a right turn when the stoplight turns green.,Annotator 5,298
296,scene-0296,trainval,s,Take a right turn,Annotator 2,246
296,scene-0296,trainval,s,turn right ar the intersection when it is safe,Annotator 3,160
296,scene-0296,trainval,unknown,turn right,Annotator 4,239
297,scene-0297,trainval,d,Wait for the pedestrians to pass and then continue down the road,Annotator 2,247
297,scene-0297,trainval,d,"wait for the pedestrians to cross, then turn right",Annotator 3,161
297,scene-0297,trainval,d,wait for walking pedestrians,Annotator 4,240
297,scene-0297,trainval,ds,"Stop before the crosswalk to allow individuals to cross the road, then continue one they have passed.",Annotator 5,299
298,scene-0298,trainval,s,Make a right turn at the intersection.,Annotator 5,300
298,scene-0298,trainval,s,Turn right and then continue down the road,Annotator 2,248
298,scene-0298,trainval,s,turn right at the intersection,Annotator 3,162
298,scene-0298,trainval,unknown,turn right,Annotator 4,241
300,scene-0300,trainval,s,Shift to the left lane,Annotator 2,250
300,scene-0300,trainval,s,Switch to the left lane when it appears.,Annotator 5,302
301,scene-0301,trainval,s,stop at the intersection,Annotator 3,165
303,scene-0303,trainval,s,stop at the intersection behind the truck,Annotator 3,167
305,scene-0305,trainval,s,slide into the right lane,Annotator 3,169
305,scene-0305,trainval,sd,Shift to the right lane and then left the truck pass behind and then continue down the road,Annotator 2,255
305,scene-0305,trainval,unknown,Change to the right lane.,Annotator 5,307
317,scene-0317,trainval,d,Shift to the right to let the blue bus pass and then take a right turn,Annotator 2,259
317,scene-0317,trainval,ds,"Make the second left turn, but only cross once all pedestrians have crossed the crosswalk.",Annotator 5,312
317,scene-0317,trainval,s,Go around the vehicle in front of you by briefly switching to the right lane and then back to the left lane.,Annotator 5,311
317,scene-0317,trainval,s,go around road obstruction,Annotator 4,252
317,scene-0317,trainval,s,swerve around the parked vehicle,Annotator 3,173
318,scene-0318,trainval,d,Shift to the right to let the yellow bus pass and then continue,Annotator 2,260
318,scene-0318,trainval,ds,"After the vehicle from the right side has passed, briefly switch to the right lane to avoid the parked bus on the left lane.",Annotator 5,313
318,scene-0318,trainval,s,go around road obstruction,Annotator 4,253
318,scene-0318,trainval,s,swerve around the parked vehicle,Annotator 3,174
321,scene-0321,trainval,s,"when the light turns green, go straight",Annotator 3,175
324,scene-0324,trainval,s,"slow down to avoid hitting the car in front, then continue driving",Annotator 3,177
328,scene-0328,trainval,s,Take a right turn and then take another right,Annotator 2,264
328,scene-0328,trainval,s,turn right go straight then turn right again at the intersection,Annotator 3,178
328,scene-0328,trainval,unknown,Make a right turn,Annotator 5,317
328,scene-0328,trainval,unknown,Make another right turn,Annotator 5,318
328,scene-0328,trainval,unknown,"turn right, turn right",Annotator 4,257
329,scene-0329,trainval,s,Briefly move to the left side of the road to go around the parked vehicle in front of you.,Annotator 5,319
329,scene-0329,trainval,s,go around road obstruction,Annotator 4,258
329,scene-0329,trainval,s,"urn left and enter the road, continue driving straight onthe road.",Annotator 3,179
330,scene-0330,trainval,s,Make a left turn and stop at the curb in front of the building on the right.,Annotator 5,320
330,scene-0330,trainval,s,Turn to the left and then stop at the curb,Annotator 2,266
330,scene-0330,trainval,s,"turn right, go straight then pull over to the side of the road and come to a stop",Annotator 3,180
330,scene-0330,trainval,unknown,stop beside the curb,Annotator 4,259
331,scene-0331,trainval,d,Pass the intersection once all cars have passed by,Annotator 5,321
331,scene-0331,trainval,d,turn right at the intersection once all the vehicles have passed and it is safe to turn,Annotator 3,181
331,scene-0331,trainval,s,Take a left turn and then continue down the road,Annotator 2,267
332,scene-0332,trainval,d,Wait for the pedestrians to pass and then continue down the road,Annotator 2,268
332,scene-0332,trainval,d,"once all the pedestrains pass, drive straight ahead",Annotator 3,182
332,scene-0332,trainval,d,wait for pedestrians,Annotator 4,261
332,scene-0332,trainval,ds,Move forward once the individuals have crossed the crosswalk,Annotator 5,322
345,scene-0345,trainval,ds,Make a right turn when the stoplight turns green and continue down the road,Annotator 5,324
345,scene-0345,trainval,s,Take a left turn and then continue down the road,Annotator 2,270
345,scene-0345,trainval,s,turn right and then go straight,Annotator 3,184
345,scene-0345,trainval,unknown,turn right,Annotator 4,263
346,scene-0346,trainval,s,when the signal turns green continue going straight,Annotator 3,185
347,scene-0347,trainval,s,"Briefly switch to the right lane to avoid the cars in front of you, then switch back to the original lane.",Annotator 5,326
347,scene-0347,trainval,s,stop at the intersection and go when the light turns green,Annotator 3,186
347,scene-0347,trainval,sd,Shift to the left lane and then stop at the stoplight then continue when the lights turn green,Annotator 2,272
348,scene-0348,trainval,s,Switch to the left lane and make the first left turn,Annotator 5,328
348,scene-0348,trainval,s,Turn to the right and then shift to the left lane and then take a left turn slowly,Annotator 2,273
348,scene-0348,trainval,s,turn right and then slide to the left lane then turn left at the intersection,Annotator 3,187
348,scene-0348,trainval,unknown,Make a right turn,Annotator 5,327
348,scene-0348,trainval,unknown,turn right,Annotator 4,266
349,scene-0349,trainval,ds,"Once the vehicle in front of you has passed, briefly move to the right lane, and move back to the left lane once you have passed the parked car.",Annotator 5,329
349,scene-0349,trainval,s,Shift to the opposing lane to avoid the white car and then move back to the left lane,Annotator 2,274
349,scene-0349,trainval,s,go around road obstruction,Annotator 4,267
349,scene-0349,trainval,s,swerve around the parked car and continue going straight,Annotator 3,188
350,scene-0350,trainval,s,Make the first left turn possible,Annotator 5,330
350,scene-0350,trainval,s,Take a left turn,Annotator 2,275
350,scene-0350,trainval,s,turn left at the T-junction,Annotator 3,189
350,scene-0350,trainval,unknown,turn left,Annotator 4,268
351,scene-0351,trainval,s,Make a left turn after the stopsign.,Annotator 5,331
351,scene-0351,trainval,s,Take a left turn at the end of the street,Annotator 2,276
351,scene-0351,trainval,s,"complete the left turn, then stop at the intesection and continue to drive.",Annotator 3,190
351,scene-0351,trainval,unknown,turn left,Annotator 4,269
351,scene-0351,trainval,unknown,turn left at the end of the road,Annotator 1,321
352,scene-0352,trainval,d,follow the truck ahead,Annotator 1,322
352,scene-0352,trainval,s,Take a left turn and then continue down the road,Annotator 2,277
352,scene-0352,trainval,s,complete the left turn and stay on the current road.,Annotator 3,191
353,scene-0353,trainval,s,Stop at the stoplights,Annotator 2,278
353,scene-0353,trainval,s,"go straight, then stop at the intersection",Annotator 3,192
355,scene-0355,trainval,d,Wait for the cone to be removed by the worker and then continue down the road,Annotator 2,280
355,scene-0355,trainval,d,when the construction worker takes the cone in front of the car and gets out the way drive forward,Annotator 3,194
355,scene-0355,trainval,ds,"Once the construction man removed the cone in the middle of the lane, continue forward.",Annotator 5,335
355,scene-0355,trainval,ds,wait till the cone is removed by the worker,Annotator 4,273
355,scene-0355,trainval,s,continue straight once the cone is removed,Annotator 1,325
356,scene-0356,trainval,s,"go straight, stop at the intersection",Annotator 3,195
358,scene-0358,trainval,sd,Take a right turn after all the cars and people pass,Annotator 2,283
361,scene-0361,trainval,s,Merge on to the road and take a left turn,Annotator 2,286
361,scene-0361,trainval,s,"stop at the intersection, then turn left",Annotator 3,200
361,scene-0361,trainval,unknown,turn left,Annotator 4,279
361,scene-0361,trainval,unknown,turn left merging onto the road when there is no oncoming traffic,Annotator 1,331
362,scene-0362,trainval,s,Make the left turn that is after the speedbump.,Annotator 5,342
362,scene-0362,trainval,s,Turn left at the intersection,Annotator 2,287
362,scene-0362,trainval,s,slow down at the intersection then turn left,Annotator 3,201
362,scene-0362,trainval,unknown,continue straight and take the first left,Annotator 1,332
362,scene-0362,trainval,unknown,turn left,Annotator 4,280
363,scene-0363,trainval,s,Make a right turn and stay in the right lane,Annotator 5,343
363,scene-0363,trainval,s,Turn right at the intersection and then continue down the road,Annotator 2,288
363,scene-0363,trainval,s,turn right at the intersection,Annotator 1,333
363,scene-0363,trainval,s,turn right at the t-junction and stay in the rightmost lane,Annotator 3,202
363,scene-0363,trainval,unknown,turn right,Annotator 4,281
365,scene-0365,trainval,s,"Before approaching the parked vehicle in front, briefly stay between the middle of the road. Once passed the parked vehicle, go back to the left lane.",Annotator 5,345
365,scene-0365,trainval,s,Shift to the right to avoid the parked truck and the move back,Annotator 2,290
365,scene-0365,trainval,s,drive around the park truck,Annotator 1,335
365,scene-0365,trainval,s,move into the right lane slightly to avoid hitting parked truck,Annotator 3,204
366,scene-0366,trainval,d,"when the car infront moves ahead, move into the intersection, then check oncoming traffic, once oncoming traffic is clear turn right.",Annotator 3,205
366,scene-0366,trainval,d,when there are no approaching cars turn right,Annotator 1,336
366,scene-0366,trainval,ds,Make a right turn at the intersection once all cars have passed,Annotator 5,346
366,scene-0366,trainval,sd,Turn right after all the cars pass,Annotator 2,291
366,scene-0366,trainval,unknown,turn right,Annotator 4,284
367,scene-0367,trainval,s,Make the first possible right turn,Annotator 5,347
367,scene-0367,trainval,s,Turn to the right and then continue down the road,Annotator 2,292
367,scene-0367,trainval,s,turn right at the intersection,Annotator 3,206
367,scene-0367,trainval,unknown,turn right,Annotator 4,285
367,scene-0367,trainval,unknown,turn right into the connecting road,Annotator 1,337
368,scene-0368,trainval,s,Stop at the stoplights,Annotator 2,293
368,scene-0368,trainval,s,stop at the intersection,Annotator 3,207
369,scene-0369,trainval,d,when there are no approaching vehicles turn right,Annotator 1,339
369,scene-0369,trainval,s,Make a right turn at the intersection,Annotator 5,349
369,scene-0369,trainval,s,"top in the middle of the intersection, then turn right",Annotator 3,208
369,scene-0369,trainval,sd,Turn to the right after all the cars pass,Annotator 2,294
369,scene-0369,trainval,unknown,turn right,Annotator 4,287
370,scene-0370,trainval,s,Switch into the left lane after passing the construction cones.,Annotator 5,350
370,scene-0370,trainval,unknown,merge into the left lane,Annotator 1,340
371,scene-0371,trainval,s,Stop at the intersection,Annotator 2,296
371,scene-0371,trainval,s,stop at the intersection,Annotator 3,210
372,scene-0372,trainval,s,Make a right turn at the intersection,Annotator 5,353
372,scene-0372,trainval,s,at the stop sign turn left,Annotator 1,342
372,scene-0372,trainval,s,turn left at the intersection then stop near the dotted line,Annotator 3,211
372,scene-0372,trainval,sd,Take a left turn when all the cars pass,Annotator 2,297
372,scene-0372,trainval,unknown,Make a left turn,Annotator 5,352
372,scene-0372,trainval,unknown,turn left,Annotator 4,290
373,scene-0373,trainval,d,stop to avoid hitting the minivan,Annotator 3,212
373,scene-0373,trainval,d,wait for the car to finish parking,Annotator 4,291
374,scene-0374,trainval,d,move once the car finishes parking,Annotator 3,213
377,scene-0377,trainval,d,slide in the left turning lane and then turn at the intersection,Annotator 3,216
377,scene-0377,trainval,s,Shift to the left lane and then take a left',Annotator 2,302
377,scene-0377,trainval,s,Switch to the left lane when the lane markings appear and then make the left turn,Annotator 5,358
377,scene-0377,trainval,s,turn left after the caution sign,Annotator 1,347
378,scene-0378,trainval,unknown,Switch to the right lane and cotinue straight,Annotator 5,359
379,scene-0379,trainval,d,turn left at the intersection,Annotator 3,218
379,scene-0379,trainval,s,"Before approaching the parked vehicle in front, briefly stay between the middle of the road. Once passed the parked vehicle, go back to the left lane.",Annotator 5,360
379,scene-0379,trainval,s,Take a left lane and then shift slightly to the right then back to the same lane and then continue down the road,Annotator 2,304
379,scene-0379,trainval,s,go around road obstruction,Annotator 4,297
380,scene-0380,trainval,d,Stop behind the black car and then wait for the blue car to pass,Annotator 2,305
380,scene-0380,trainval,d,wait until there are no approaching vehicles,Annotator 1,350
380,scene-0380,trainval,ds,Stop before the parked cars and switch to the right lane when the vehicles in front pass.,Annotator 5,361
380,scene-0380,trainval,ds,go around road obstruction but wait for oncoming traffic,Annotator 4,298
380,scene-0380,trainval,s,stop to avoid hitting stopped car,Annotator 3,219
381,scene-0381,trainval,s,Make a right turn at the intersection,Annotator 5,362
381,scene-0381,trainval,s,Take a right turn and then continue down the road and then take a right turn,Annotator 2,306
381,scene-0381,trainval,s,"complete the right turn, then take a right at the next intersection",Annotator 3,220
381,scene-0381,trainval,unknown,turn right,Annotator 4,299
381,scene-0381,trainval,unknown,turn right here and continue straight and take the next right,Annotator 1,351
382,scene-0382,trainval,s,Take a left turn and then continue down the road,Annotator 2,307
382,scene-0382,trainval,unknown,Make a left turn,Annotator 5,363
382,scene-0382,trainval,unknown,cmplete the left turn,Annotator 3,221
382,scene-0382,trainval,unknown,turn left here,Annotator 1,352
383,scene-0383,trainval,s,Take a left turn and then merge onto the street,Annotator 2,308
383,scene-0383,trainval,s,turn left at the fork in the road and continue straight,Annotator 1,353
383,scene-0383,trainval,s,turn left at the intersection,Annotator 3,222
383,scene-0383,trainval,unknown,Make a left turn and continue,Annotator 5,364
383,scene-0383,trainval,unknown,turn left,Annotator 4,301
383,scene-0383,trainval,unknown,turn right at the intersection,Annotator 1,362
384,scene-0384,trainval,s,Make a right turn after stopping at the stopsign.,Annotator 5,365
384,scene-0384,trainval,s,Stop at the intersections and then take a right turn,Annotator 2,309
384,scene-0384,trainval,s,at the intersection turn right,Annotator 1,354
384,scene-0384,trainval,s,"stop at the intersection, then turn right",Annotator 3,223
384,scene-0384,trainval,unknown,turn right,Annotator 4,302
385,scene-0385,trainval,s,Make a left turn immediately after passing the blue sign on the left.,Annotator 5,367
385,scene-0385,trainval,s,Take a left turn and then take another left turn,Annotator 2,310
385,scene-0385,trainval,s,turn left at the fork,Annotator 1,355
385,scene-0385,trainval,s,turn left at the intersection,Annotator 3,224
385,scene-0385,trainval,unknown,Make a left turn,Annotator 5,366
385,scene-0385,trainval,unknown,"turn left, turn left",Annotator 4,303
386,scene-0386,trainval,s,Make a left turn once the stoplight turns green.,Annotator 5,368
386,scene-0386,trainval,s,stop at stop light and then take a left turn,Annotator 2,311
386,scene-0386,trainval,s,stop at the intersection then turn left,Annotator 3,225
386,scene-0386,trainval,unknown,turn left,Annotator 4,304
386,scene-0386,trainval,unknown,turn left at the intersection,Annotator 1,356
388,scene-0388,trainval,d,stop behind the blue car then move forward slowly mainting a distance,Annotator 3,226
391,scene-0391,trainval,ds,Make a right turn at the intersection that has flashing stoplights.,Annotator 5,372
391,scene-0391,trainval,s,Take a right turn and then continue down the road,Annotator 2,315
391,scene-0391,trainval,s,turn right at the intersection,Annotator 3,229
391,scene-0391,trainval,unknown,turn right,Annotator 4,308
391,scene-0391,trainval,unknown,turn right at the intersection,Annotator 1,360
392,scene-0392,trainval,s,"After passing the white bus on the white lane, switch to the right lane.",Annotator 5,373
392,scene-0392,trainval,s,Shift to the right lane,Annotator 2,316
392,scene-0392,trainval,s,slide into the right turning lane,Annotator 3,230
392,scene-0392,trainval,unknown,continue after the intersection,Annotator 1,361
393,scene-0393,trainval,s,Take a right turn and then continue down the road,Annotator 2,317
393,scene-0393,trainval,s,turn right at the intersection,Annotator 3,231
393,scene-0393,trainval,unknown,Make a right turn and continue straight,Annotator 5,374
393,scene-0393,trainval,unknown,turn right,Annotator 4,310
397,scene-0397,trainval,ds,Make a left turn once it is clear it in the intersection,Annotator 5,378
397,scene-0397,trainval,ds,"move forward slowly, at the intersection turn left when oncoming car turns right",Annotator 3,235
397,scene-0397,trainval,sd,Take left turn after all the cars have passed,Annotator 2,321
397,scene-0397,trainval,unknown,Turn left when there are no incoming cars,Annotator 1,366
397,scene-0397,trainval,unknown,turn left,Annotator 4,314
398,scene-0398,trainval,d,Overtake the vehicle in front of you once they hand gesture to you to pass,Annotator 5,379
398,scene-0398,trainval,d,go around moving vehicle,Annotator 4,315
398,scene-0398,trainval,d,swerve around the car in front of you,Annotator 3,236
398,scene-0398,trainval,sd,Shift to the opposing lane to pass the white car and then move back to the right lane,Annotator 2,322
399,scene-0399,trainval,d,Do not take a right turn until all cars have passed.,Annotator 5,380
399,scene-0399,trainval,s,stop at the intersection,Annotator 3,237
400,scene-0400,trainval,d,Do not take a right turn until all cars have passed.,Annotator 5,381
401,scene-0401,trainval,d,Make the right turn at the intersection once all vehicles have passed.,Annotator 5,382
401,scene-0401,trainval,s,turn right at the intersection,Annotator 3,239
401,scene-0401,trainval,sd,Take a right turn after all the cars have passed and then continue down the road,Annotator 2,325
401,scene-0401,trainval,unknown,turn right,Annotator 1,370
405,scene-0405,trainval,s,Make a right turn at the intersection and stay on the leftmost lane.,Annotator 5,385
405,scene-0405,trainval,s,Shift to the right lane and then take a right,Annotator 2,328
405,scene-0405,trainval,s,turn right at the intersection,Annotator 3,242
405,scene-0405,trainval,unknown,turn right,Annotator 4,321
405,scene-0405,trainval,unknown,turn right at the intersection,Annotator 1,373
408,scene-0408,trainval,ds,"Switch to the right lane when you see the vehicle in front of you has emergancy blinkers on, then switch back to the left lane once you have passed",Annotator 5,388
408,scene-0408,trainval,s,Slow down behind the gray car and then shift to the right and pass the gray car then move back to the left lane,Annotator 2,331
408,scene-0408,trainval,s,drive around the stopped gray car,Annotator 1,376
408,scene-0408,trainval,s,go around road obstruction,Annotator 4,324
414,scene-0414,trainval,s,Take a right turn and continue down the road,Annotator 2,336
414,scene-0414,trainval,s,turn right at the intersection,Annotator 3,250
414,scene-0414,trainval,unknown,Make a right turn,Annotator 5,393
414,scene-0414,trainval,unknown,Turn right into the connecting street and follow the white van,Annotator 1,381
414,scene-0414,trainval,unknown,turn right,Annotator 4,329
415,scene-0415,trainval,s,Take a right turn and continue down the road,Annotator 2,337
415,scene-0415,trainval,s,tn right at the intersection,Annotator 3,251
417,scene-0417,trainval,s,"Before approaching the parked white vehicle in front, switch to the right lane and after passing switch back to the left lane",Annotator 5,396
417,scene-0417,trainval,s,Shift to the opposing lane to pass the white car then move back to the left lane,Annotator 2,339
417,scene-0417,trainval,s,drive around the parked white van when there are no incoming vehicles,Annotator 1,384
417,scene-0417,trainval,s,go around road obstruction,Annotator 4,332
417,scene-0417,trainval,s,swerve around the parked car,Annotator 3,253
418,scene-0418,trainval,s,stay on the current road,Annotator 3,254
419,scene-0419,trainval,s,Stop at the stop sign,Annotator 2,341
419,scene-0419,trainval,s,Stop at the stopsign,Annotator 5,398
419,scene-0419,trainval,s,complete the left turn then stop at the intersection,Annotator 3,255
420,scene-0420,trainval,s,Switch to the left lane when it appears,Annotator 5,399
420,scene-0420,trainval,s,"follow the road, then stop at the intersection",Annotator 3,256
420,scene-0420,trainval,unknown,keep to the left and stay in the left turn only lane,Annotator 1,387
420,scene-0420,trainval,unknown,turn left,Annotator 4,335
421,scene-0421,trainval,ds,Stop right before the tollgate if it is closed and continue when it opens,Annotator 5,401
421,scene-0421,trainval,s,Take a left turn at the end of the street,Annotator 2,343
421,scene-0421,trainval,s,turn left at the intersection,Annotator 3,257
421,scene-0421,trainval,unknown,Make a left turn,Annotator 5,400
421,scene-0421,trainval,unknown,turn left,Annotator 1,388
422,scene-0422,trainval,d,"Briefly switch to the right lane to avoid the cars in front of you, then switch back to the original lane.",Annotator 5,402
422,scene-0422,trainval,s,Shift to the right to pass the parked black car then head to the intersection,Annotator 2,344
422,scene-0422,trainval,s,drive around the parked car,Annotator 1,389
422,scene-0422,trainval,s,go around the road obstruction,Annotator 4,337
423,scene-0423,trainval,ds,Stop at the intersection and make a left turn when it is clear,Annotator 5,403
423,scene-0423,trainval,s,"stop at teh intersection, then turn left at the intersection",Annotator 3,259
423,scene-0423,trainval,sd,Wait for the cars to pass then take a left turn,Annotator 2,345
423,scene-0423,trainval,unknown,turn left,Annotator 4,338
423,scene-0423,trainval,unknown,turn left at the intersection,Annotator 1,390
425,scene-0425,trainval,d,turn left at the fork in the road and turn left where the bus is coming from,Annotator 1,392
425,scene-0425,trainval,s,Take a left turn and then merge on to the lane,Annotator 2,347
425,scene-0425,trainval,s,"turn left, then turn left at the next intersection",Annotator 3,261
425,scene-0425,trainval,unknown,Make a left turn,Annotator 5,405
425,scene-0425,trainval,unknown,Make a left turn again,Annotator 5,406
425,scene-0425,trainval,unknown,turn left,Annotator 4,340
426,scene-0426,trainval,s,Take a left turn and then continue on the road,Annotator 2,348
426,scene-0426,trainval,unknown,complete the left turn,Annotator 3,262
426,scene-0426,trainval,unknown,turn left,Annotator 4,341
426,scene-0426,trainval,unknown,turn left here and continue,Annotator 1,130
427,scene-0427,trainval,d,stop behind the car in front of you,Annotator 3,263
427,scene-0427,trainval,s,get behind the car ahead of you,Annotator 1,131
428,scene-0428,trainval,d,continue moving forward when the bus goes out of th way,Annotator 3,264
428,scene-0428,trainval,unknown,continue on the road and keep right,Annotator 1,395
428,scene-0428,trainval,unknown,slight right at the fork and continue straight,Annotator 1,132
428,scene-0428,trainval,unknown,turn right,Annotator 4,343
429,scene-0429,trainval,s,Take a right turn and then continue on the road,Annotator 2,351
435,scene-0435,trainval,d,turn right once the car passes then stop of the next intersection,Annotator 3,271
435,scene-0435,trainval,ds,Make a right into the far left lane after the car on the left has crossed the intersection.,Annotator 5,416
435,scene-0435,trainval,s,Stop at the intersection then take a right then stop at the stoplight,Annotator 2,357
435,scene-0435,trainval,s,turn right at the intersection and merge onto the far left lane immediately,Annotator 1,139
435,scene-0435,trainval,unknown,turn right,Annotator 4,350
435,scene-0435,trainval,unknown,turn right at the intersection and merge into the left turn lane,Annotator 1,402
436,scene-0436,trainval,d,Switch to the right lane after the black car on the right has passed.,Annotator 5,418
436,scene-0436,trainval,d,complete the left tunr and stop behind the parked car,Annotator 3,272
436,scene-0436,trainval,s,Take a left and then shift to the right lane and stop at the stoplight,Annotator 2,358
436,scene-0436,trainval,s,Turn into the far left lane.,Annotator 5,417
436,scene-0436,trainval,sd,turn left here and when no approaching cars merge onto the right lane,Annotator 1,140
436,scene-0436,trainval,unknown,turn left,Annotator 4,351
436,scene-0436,trainval,unknown,turn left at the intersection and merge into the right lane,Annotator 1,403
440,scene-0440,trainval,s,Come to a stop at the red stopsign.,Annotator 5,422
440,scene-0440,trainval,s,stop at the stop sign,Annotator 3,276
441,scene-0441,trainval,s,"After crossing the intersection, change to the right lane.",Annotator 5,423
441,scene-0441,trainval,s,Stop at the stop signs then continue,Annotator 2,363
441,scene-0441,trainval,unknown,merge onto the right lane,Annotator 1,145
441,scene-0441,trainval,unknown,slide into the right lane,Annotator 3,277
441,scene-0441,trainval,unknown,switch to right lane,Annotator 4,356
443,scene-0443,trainval,d,drive around the stopped black truck ahead of you when there are no approaching cars from the other lane,Annotator 1,147
443,scene-0443,trainval,d,"stop behind the stopped truck, then swerve around the truck, avoid hitting oncomig traffic",Annotator 3,279
443,scene-0443,trainval,ds,"Once all cars from the left side pass you, briefly go onto the left lane to go around the stopped vehicle in front.",Annotator 5,425
443,scene-0443,trainval,s,go around road obstruction,Annotator 4,358
443,scene-0443,trainval,sd,Stop behind the truck and then wait for the opposing cars to pass then pass the stopped truck,Annotator 2,365
443,scene-0443,trainval,sd,when there are no approaching vehicles drive around the stopped truck,Annotator 1,410
446,scene-0446,trainval,s,Turn left and then take the next left,Annotator 2,368
446,scene-0446,trainval,s,"make a left turn at the intersection, then make another left turn at the next intersection",Annotator 3,282
446,scene-0446,trainval,unknown,Make a left turn at the intersection,Annotator 5,428
446,scene-0446,trainval,unknown,Make the next left turn possible,Annotator 5,429
446,scene-0446,trainval,unknown,turn left and turn left again at the intersection,Annotator 1,150
446,scene-0446,trainval,unknown,turn left at the intersection and left again at the next intersection,Annotator 1,413
446,scene-0446,trainval,unknown,"turn left, turn left",Annotator 4,361
447,scene-0447,trainval,d,Make a left turn once all vehicles from the left side have passd.,Annotator 5,430
447,scene-0447,trainval,d,"turn left, wait for the oncoming traffic to stop, then complete the left turn",Annotator 3,283
447,scene-0447,trainval,sd,Take a left after waiting for the cars to pass,Annotator 2,369
447,scene-0447,trainval,unknown,turn left,Annotator 4,362
447,scene-0447,trainval,unknown,turn left here,Annotator 1,151
447,scene-0447,trainval,unknown,turn left into the parking lot,Annotator 1,414
448,scene-0448,trainval,s,follow the road to the left,Annotator 1,152
448,scene-0448,trainval,s,move into the left lane,Annotator 3,284
449,scene-0449,trainval,s,Make a left turn when the road comes to an end.,Annotator 5,432
449,scene-0449,trainval,s,Turn to the left at the dead end,Annotator 2,371
449,scene-0449,trainval,s,turn left at the end of the road,Annotator 1,153
449,scene-0449,trainval,s,turn left near the barricades,Annotator 3,285
449,scene-0449,trainval,unknown,continue on this road turn left at the end of the road,Annotator 1,416
449,scene-0449,trainval,unknown,turn left,Annotator 4,364
451,scene-0451,trainval,s,Take a right turn and then continue down the road,Annotator 2,373
451,scene-0451,trainval,s,turn right at the intersection,Annotator 3,287
451,scene-0451,trainval,unknown,turn right,Annotator 4,366
451,scene-0451,trainval,unknown,turn right at the intersection,Annotator 1,418
451,scene-0451,trainval,unknown,turn right here,Annotator 1,155
452,scene-0452,trainval,s,Stop at the stop signs then turn to the right,Annotator 2,374
452,scene-0452,trainval,s,Stop at the stopsign,Annotator 5,435
452,scene-0452,trainval,s,stop at the intersection then continue,Annotator 3,288
452,scene-0452,trainval,s,turn right at the stop sign,Annotator 1,156
452,scene-0452,trainval,unknown,Make a right turn,Annotator 5,436
452,scene-0452,trainval,unknown,at the stop sign run right,Annotator 1,419
452,scene-0452,trainval,unknown,turn right,Annotator 4,367
453,scene-0453,trainval,d,Make a left turn once all cars have passed the intersection,Annotator 5,438
453,scene-0453,trainval,s,Sop at the stopsign,Annotator 5,437
453,scene-0453,trainval,s,Turn to the right and stop at the stop signs,Annotator 2,375
453,scene-0453,trainval,s,trn right and stop at the intersection,Annotator 3,289
453,scene-0453,trainval,unknown,turn right,Annotator 4,368
453,scene-0453,trainval,unknown,turn right here,Annotator 1,157
454,scene-0454,trainval,s,Turn to the left and the continue straight,Annotator 2,376
454,scene-0454,trainval,s,"turn left, go straight",Annotator 3,290
454,scene-0454,trainval,sd,turn left at the stop sign continue straight and drive away from the stopped truck and pedestrian,Annotator 1,158
454,scene-0454,trainval,unknown,turn left,Annotator 4,369
454,scene-0454,trainval,unknown,turn left at the stop sign,Annotator 1,421
456,scene-0456,trainval,s,Make a right turn at the intersection,Annotator 5,441
456,scene-0456,trainval,s,Take a right turn and then continue going straight,Annotator 2,378
456,scene-0456,trainval,s,turn right at the roundabout,Annotator 1,160
456,scene-0456,trainval,unknown,keep right at the intersection,Annotator 1,423
457,scene-0457,trainval,s,Stop at the stop sign,Annotator 2,379
457,scene-0457,trainval,s,Stop at the stopsign,Annotator 5,442
457,scene-0457,trainval,s,turn right and stop at the intersection,Annotator 3,293
457,scene-0457,trainval,unknown,turn right,Annotator 4,372
457,scene-0457,trainval,unknown,turn right here,Annotator 1,161
458,scene-0458,trainval,s,Turn to the left and then continue straight,Annotator 2,380
458,scene-0458,trainval,s,trn left at the intersection,Annotator 3,294
458,scene-0458,trainval,s,turn left at the stop sign,Annotator 1,425
458,scene-0458,trainval,unknown,Make a left turn and continue straigt,Annotator 5,443
458,scene-0458,trainval,unknown,turn left,Annotator 4,373
461,scene-0461,trainval,s,Make a right turn into the middle lane,Annotator 5,446
461,scene-0461,trainval,s,turn left at the intersection,Annotator 1,164
461,scene-0461,trainval,unknown,turn right,Annotator 4,375
461,scene-0461,trainval,unknown,turn right at the intersection,Annotator 3,296
461,scene-0461,trainval,unknown,turn right here,Annotator 1,427
465,scene-0465,trainval,d,Go straight when the stoplight turns green,Annotator 5,450
468,scene-0468,trainval,d,Go straight when the stoplight turns green,Annotator 5,452
474,scene-0474,trainval,s,Move into the far right lane after passing the big white vehicle on the right,Annotator 5,457
474,scene-0474,trainval,s,Shift to the right lane and then continue,Annotator 2,394
474,scene-0474,trainval,s,drive around the parked car,Annotator 1,437
474,scene-0474,trainval,s,slide into the right lane,Annotator 3,306
474,scene-0474,trainval,unknown,change lanes to the right,Annotator 4,385
475,scene-0475,trainval,ds,turn right at the intersection and slow to avoid hitting the car in front,Annotator 3,307
475,scene-0475,trainval,s,Take a right turn and then stop behind the black car,Annotator 2,395
475,scene-0475,trainval,s,turn right at the intersection,Annotator 1,175
475,scene-0475,trainval,unknown,Make a right turn at the intersection,Annotator 5,458
475,scene-0475,trainval,unknown,turn right,Annotator 4,386
475,scene-0475,trainval,unknown,turn right at the intersection,Annotator 1,438
476,scene-0476,trainval,d,Make a right turn at the green stoplight,Annotator 5,459
476,scene-0476,trainval,s,Take a right turn and then continue,Annotator 2,396
476,scene-0476,trainval,s,turn right at the intersection,Annotator 1,176
476,scene-0476,trainval,s,turn right at the intersection and go straight,Annotator 3,308
476,scene-0476,trainval,unknown,turn right,Annotator 4,387
476,scene-0476,trainval,unknown,turn right at the intersection,Annotator 1,439
477,scene-0477,trainval,d,stop behind the black car at the intersection,Annotator 3,309
479,scene-0479,trainval,d,follow the black car in front of you,Annotator 1,179
479,scene-0479,trainval,s,Shift to the left lane and then stop,Annotator 2,399
479,scene-0479,trainval,s,Switch into the left turning lane when it appears,Annotator 5,462
500,scene-0500,trainval,ds,Turn left,Annotator 6,2
500,scene-0500,trainval,s,Take a left turn at the stoplights,Annotator 2,400
500,scene-0500,trainval,s,turn left at the intersection,Annotator 1,182
500,scene-0500,trainval,unknown,Make a left turn at the intersection,Annotator 5,465
500,scene-0500,trainval,unknown,stay in the left turn lane and at the signal turn left,Annotator 1,445
500,scene-0500,trainval,unknown,turn left,Annotator 4,393
501,scene-0501,trainval,ds,Slow down to avoid hitting pedestrian,Annotator 6,3
501,scene-0501,trainval,unknown,continue on this road,Annotator 1,446
502,scene-0502,trainval,d,Proceed with caution avoiding the pedestrian and slow down to maintain a safe distance behind the vehicle ahead,Annotator 6,4
502,scene-0502,trainval,s,Take a right turn and then continue down the road and stop behind the black car,Annotator 2,402
502,scene-0502,trainval,unknown,turn right,Annotator 4,395
502,scene-0502,trainval,unknown,turn right at the intersection,Annotator 1,447
504,scene-0504,trainval,d,Follow vehicle ahead and stop to maintain a safe distance,Annotator 6,5
505,scene-0505,trainval,d,Follow the vehicle ahead,Annotator 6,6
507,scene-0507,trainval,d,Be cautious of the pedestrians on the road and stay on the left side of the lane,Annotator 5,471
507,scene-0507,trainval,d,"Following the vehicle ahead, proceed with caution maintaining a safe distance to avoid hitting the two pedestrians",Annotator 6,8
507,scene-0507,trainval,d,follow the road slow down for pedestrians,Annotator 1,188
507,scene-0507,trainval,s,slow down near the construction zone,Annotator 3,320
508,scene-0508,trainval,s,cross the round about,Annotator 3,321
508,scene-0508,trainval,s,exit the roundabout on the second exit,Annotator 1,189
508,scene-0508,trainval,unknown,at the roundabout take the second exit,Annotator 1,452
508,scene-0508,trainval,unknown,go straight at the roundabout,Annotator 4,400
510,scene-0510,trainval,s,Make a left turn,Annotator 6,11
510,scene-0510,trainval,s,Take a left turn at the dead end and then continue down the road,Annotator 2,409
510,scene-0510,trainval,unknown,Make a left turn and go straight,Annotator 5,474
510,scene-0510,trainval,unknown,take a left here,Annotator 1,191
510,scene-0510,trainval,unknown,turn left,Annotator 3,323
510,scene-0510,trainval,unknown,turn left here,Annotator 1,454
512,scene-0512,trainval,s,Take a right turn and then continue down the road,Annotator 2,411
512,scene-0512,trainval,s,continue right,Annotator 1,193
512,scene-0512,trainval,unknown,keep right and take the first right,Annotator 1,456
512,scene-0512,trainval,unknown,turn right,Annotator 3,325
513,scene-0513,trainval,s,Make a right turn,Annotator 6,14
513,scene-0513,trainval,s,Take a right turn and then continue down the road,Annotator 2,412
513,scene-0513,trainval,s,turn right at the intersection,Annotator 3,326
513,scene-0513,trainval,unknown,Make a right turn and go straight,Annotator 5,477
513,scene-0513,trainval,unknown,turn right,Annotator 1,457
513,scene-0513,trainval,unknown,turn right here,Annotator 1,194
514,scene-0514,trainval,d,Slowly move forward and wait for oncoming traffic to pass,Annotator 6,15
514,scene-0514,trainval,d,wait for the oncoming traffic to pass,Annotator 3,327
514,scene-0514,trainval,ds,"When the stoplight is green, attempt to make a left turn while",Annotator 5,478
514,scene-0514,trainval,unknown,turn right,Annotator 4,406
515,scene-0515,trainval,ds,Continue straight and stop at a safe distance behind the car ahead,Annotator 6,16
515,scene-0515,trainval,s,Stop behind the gray car,Annotator 2,414
515,scene-0515,trainval,s,go straight and stop behind the parked car,Annotator 3,328
517,scene-0517,trainval,d,follow the gray car until the intersection and then continue going straight,Annotator 2,415
517,scene-0517,trainval,ds,Continue straight while maintaining a safe distance between the car ahead,Annotator 6,17
518,scene-0518,trainval,d,Turn left. Slow down to avoid the car pulling into traffic and go around when it's stopped. Stop behind the loading car,Annotator 6,18
518,scene-0518,trainval,d,"stop at the intersection, turn right and then swerve around the car to go straight",Annotator 3,330
518,scene-0518,trainval,d,"turn left, go around the vechile",Annotator 4,409
518,scene-0518,trainval,sd,take a left turn and then shift to the left slightly and stop behind the people unloading the car,Annotator 2,416
518,scene-0518,trainval,sd,turn left when there are no approaching vehicles,Annotator 1,198
518,scene-0518,trainval,unknown,Make a left turn at the internsection once it is clear.,Annotator 5,481
518,scene-0518,trainval,unknown,turn left at the traffic light,Annotator 1,461
520,scene-0520,trainval,d,Slow down to let the vehicle ahead turn,Annotator 6,20
521,scene-0521,trainval,d,"Slow down to let the pedestrians cross, continue straight when all pedestrians aren't an obstacle on the lane",Annotator 6,21
521,scene-0521,trainval,d,Slowdown to allow the people to cross the crosswalk,Annotator 2,419
521,scene-0521,trainval,ds,Slow down before the crosswalk to allow the pedestrians to cross,Annotator 5,484
522,scene-0522,trainval,s,Take the roundabout and then continue going straight,Annotator 2,420
523,scene-0523,trainval,d,follow the car ahead through the roundabout,Annotator 1,203
523,scene-0523,trainval,ds,In the roundabout take the second exit,Annotator 6,23
523,scene-0523,trainval,unknown,cross the round about,Annotator 3,335
523,scene-0523,trainval,unknown,go straight at the roundabout,Annotator 4,414
524,scene-0524,trainval,d,"Follow the vehicle ahead, and cautiously go around the vehicle that's turning left",Annotator 6,24
524,scene-0524,trainval,d,Shift to the right of the white car and then continue going straight,Annotator 2,422
524,scene-0524,trainval,d,Switch into the right lane before appraoching the car ahead of you,Annotator 5,487
524,scene-0524,trainval,unknown,go straight,Annotator 3,336
525,scene-0525,trainval,s,Take a right and then continue going straight and shift to the opposing lane,Annotator 2,423
525,scene-0525,trainval,s,Turn right,Annotator 6,25
525,scene-0525,trainval,s,turn right at the intersection,Annotator 3,337
525,scene-0525,trainval,unknown,Make a right turn and go straight,Annotator 5,488
525,scene-0525,trainval,unknown,turn right,Annotator 4,416
525,scene-0525,trainval,unknown,turn right here,Annotator 1,205
526,scene-0526,trainval,s,Shift to the opposing lane to avoid the cars on the right,Annotator 2,424
527,scene-0527,trainval,ds,"Continuing straight, slow down when approaching the truck stopped in the road",Annotator 6,27
527,scene-0527,trainval,s,Go straight and then stop right before the yellow truck,Annotator 2,425
528,scene-0528,trainval,d,drive around the parked yellow truck when there are no approaching cars,Annotator 1,208
528,scene-0528,trainval,d,"wait for the black car to pass, then pass the truck and slide into the right lane",Annotator 3,340
528,scene-0528,trainval,ds,Proceed with caution going around the trucks stopped on the road,Annotator 6,28
528,scene-0528,trainval,s,Briefly go to the left side of the road to avoid the parked vehicle in front,Annotator 5,491
528,scene-0528,trainval,s,Move to the left of the yellow truck and then go back to the right lane,Annotator 2,426
528,scene-0528,trainval,s,go around the vehicle obstructing the road,Annotator 4,419
529,scene-0529,trainval,s,Shift slightly to the opposing lane to avoid the cars parked to the right and then continue going straight,Annotator 2,427
529,scene-0529,trainval,s,Stay on the left sides of the lane to avoid hitting the cars on the right side,Annotator 5,492
530,scene-0530,trainval,s,Shift to the opposing lane to avoid the cars on the right and stop at the stop sign,Annotator 2,428
530,scene-0530,trainval,s,stop at the intersection,Annotator 3,342
530,scene-0530,trainval,unknown,Stop at the stopsign,Annotator 5,493
531,scene-0531,trainval,s,Make a right turn and change one lane to the left,Annotator 6,31
531,scene-0531,trainval,s,Take a right turn and then continue going straight and shift to the left lane,Annotator 2,429
531,scene-0531,trainval,unknown,Go into the left most lane when you see the markings on the row,Annotator 5,495
531,scene-0531,trainval,unknown,Make a right turn and go straight,Annotator 5,494
531,scene-0531,trainval,unknown,turn right,Annotator 3,343
532,scene-0532,trainval,s,Stop at the intersection and allow the other cars to pass,Annotator 2,430
532,scene-0532,trainval,unknown,stop at the intersection,Annotator 3,344
533,scene-0533,trainval,s,Stop at the intersection and then continue going straight and take a slight left,Annotator 2,431
533,scene-0533,trainval,s,"stop at the intersection, then continue to go straight",Annotator 3,345
534,scene-0534,trainval,s,Briefly go on the left side of the road to pass the parked vehicle on your lane,Annotator 5,498
534,scene-0534,trainval,s,"Continue straight. Cautiously go around the truck to proceed straight, going into the oncoming lane shortly",Annotator 6,34
534,scene-0534,trainval,s,Move to the center of the lane and then back to the right lane to avoid the white truck,Annotator 2,432
534,scene-0534,trainval,s,drive around the parked truck and continue,Annotator 1,214
534,scene-0534,trainval,s,swerve around the parked truck,Annotator 3,346
535,scene-0535,trainval,s,Take a left turn and then shift slightly to the left to avoid the construction zone,Annotator 2,433
535,scene-0535,trainval,s,avoid the traffic cones.,Annotator 3,347
535,scene-0535,trainval,s,go around the road obstructions,Annotator 4,426
535,scene-0535,trainval,unknown,Continue to the intersection while going around the construction debris,Annotator 6,35
536,scene-0536,trainval,d,Make a right turn when the light turns green,Annotator 6,36
536,scene-0536,trainval,d,Make a right turn when the stoplight turns green,Annotator 5,500
536,scene-0536,trainval,d,Wait for the lights to turn green and then take a right turn,Annotator 2,434
536,scene-0536,trainval,s,turn right at the intersection,Annotator 1,216
536,scene-0536,trainval,s,"when the signal turns green, turn right on the intersection",Annotator 3,348
536,scene-0536,trainval,unknown,turn right,Annotator 4,427
537,scene-0537,trainval,d,"Briefly go on the right side of the road to let the car behind you pass, then go back into the lane.",Annotator 5,501
537,scene-0537,trainval,d,"Briefly turn to the right into the bike lane to let the car behind pass, and then merge back into the lane",Annotator 6,37
537,scene-0537,trainval,d,Move to the curb to allow the gray car to pass and then continue going straight,Annotator 2,435
537,scene-0537,trainval,d,let the car behind you pass in front of you by pulling over to the side and then continuing back on to the road,Annotator 4,428
537,scene-0537,trainval,d,merge into the bike lane to let the car behind pass,Annotator 1,217
537,scene-0537,trainval,ds,"enter the bike lane, let teh black car pass, then re-enter the road",Annotator 3,349
538,scene-0538,trainval,s,"At the intersection, make a right turn and go straight",Annotator 5,502
538,scene-0538,trainval,s,Make a right turn at the intersection,Annotator 6,38
538,scene-0538,trainval,s,Take a right turn at the intersection,Annotator 2,436
538,scene-0538,trainval,s,turn right at the intersection,Annotator 1,218
538,scene-0538,trainval,unknown,turn right,Annotator 4,429
539,scene-0539,trainval,d,Slow down and stop to let the pedestrians cross. Proceed when they are no longer in the lane,Annotator 6,39
539,scene-0539,trainval,d,Wait for the pedestrians to cross and then continue going straight until the stop lights,Annotator 2,437
539,scene-0539,trainval,d,"let the pedestrians cross, then move ahead",Annotator 3,351
539,scene-0539,trainval,d,slow down and stop for pedestrians,Annotator 1,219
539,scene-0539,trainval,ds,Slow down to allow the pedestrians to cross the road,Annotator 5,503
539,scene-0539,trainval,unknown,Go straight,Annotator 5,504
541,scene-0541,trainval,d,Stop at the stop lights and wait for the pedestrians to cross,Annotator 2,438
541,scene-0541,trainval,d,stop at the intersection to avoid hitting the pedestrians,Annotator 3,352
542,scene-0542,trainval,d,Wait at the intersection and proceed right or left when it's safe to turn,Annotator 6,41
542,scene-0542,trainval,d,Wait at the intersection if there are cars crossing the intersection from the left and right side of the road,Annotator 5,506
542,scene-0542,trainval,s,slowly approach the intersection,Annotator 3,353
544,scene-0544,trainval,d,Slow down and stop to let the pedestrian and dog cross,Annotator 6,43
544,scene-0544,trainval,d,Stop at the intersection and allow the pedestrian to pass,Annotator 2,441
544,scene-0544,trainval,d,slow down and stop for pedestrians,Annotator 1,223
544,scene-0544,trainval,d,slow down for the pedestrians,Annotator 3,355
546,scene-0546,trainval,d,Allow for the pedestrians to cross before continuing,Annotator 5,511
546,scene-0546,trainval,d,Make a right turn when the light turns green.,Annotator 6,45
546,scene-0546,trainval,d,Make a right turn when the stoplight is green,Annotator 5,510
546,scene-0546,trainval,d,Wait for the light to turn green and then go,Annotator 2,442
546,scene-0546,trainval,s,move ahead slowly when the signal turns green,Annotator 3,357
546,scene-0546,trainval,unknown,turn right here,Annotator 1,225
552,scene-0552,trainval,d,Make a left turn when the vehicles from the left side have passed,Annotator 5,512
552,scene-0552,trainval,ds,Make a left turn when there's no oncoming vehicles and go around the parked vehicle,Annotator 6,46
552,scene-0552,trainval,s,Go around the stopped vehicle in front of you,Annotator 5,513
552,scene-0552,trainval,s,Take a left after all the cars pass,Annotator 2,443
552,scene-0552,trainval,s,"stop at the intersection, then turn left",Annotator 3,358
552,scene-0552,trainval,s,"turn left, go around the road obstruction",Annotator 4,437
552,scene-0552,trainval,sd,turn left here wait until there are no approaching vehicles from either side of the road,Annotator 1,226
555,scene-0555,trainval,d,Continue straight when the light turns green,Annotator 6,49
555,scene-0555,trainval,d,Slow Down and let the gray car overtake you,Annotator 2,446
555,scene-0555,trainval,s,go straight and avoid hitting the construction cones or the barricades,Annotator 3,361
555,scene-0555,trainval,unknown,Go straight when the stoplight turns green,Annotator 5,516
556,scene-0556,trainval,d,Make a left turn after the white car turns. Stop behind the white car that's stopped and unloading pedestrians,Annotator 6,50
556,scene-0556,trainval,d,turn left and then stop behind the car when it stops,Annotator 3,362
556,scene-0556,trainval,sd,Take a left turn and stop behind the white car,Annotator 2,447
556,scene-0556,trainval,unknown,Make a left turn at the intersection,Annotator 5,517
556,scene-0556,trainval,unknown,turn left,Annotator 4,441
556,scene-0556,trainval,unknown,turn left here,Annotator 1,230
557,scene-0557,trainval,s,Change one lane to the right to turn right at the intersection,Annotator 6,51
557,scene-0557,trainval,s,Go into the rightmost lane when it appears and stop at the red stoplight,Annotator 5,518
557,scene-0557,trainval,s,Shift to the right and lane and then stop at the stoplight,Annotator 2,448
557,scene-0557,trainval,s,merge into the right lane,Annotator 1,231
557,scene-0557,trainval,s,slide into the rightmost lane and then come to a stop at the intersection,Annotator 3,363
558,scene-0558,trainval,d,Make a right turn when there are no cars coming from the left,Annotator 5,519
558,scene-0558,trainval,d,Make a right turn when there are no vehicles on-coming,Annotator 6,52
558,scene-0558,trainval,d,Take a right turn after the cars pass and then stop behind the bus,Annotator 2,449
558,scene-0558,trainval,d,turn right at the intersection and then stop behind the bus,Annotator 3,364
558,scene-0558,trainval,unknown,turn right,Annotator 4,443
558,scene-0558,trainval,unknown,turn right here,Annotator 1,232
560,scene-0560,trainval,s,stop at the intersection,Annotator 3,366
561,scene-0561,trainval,d,Make a left turn when the light turns green,Annotator 6,55
561,scene-0561,trainval,d,Turn left when the stoplight turns green,Annotator 5,522
561,scene-0561,trainval,s,"when the signal turns green, turn left at the intersection",Annotator 3,367
561,scene-0561,trainval,unknown,turn left,Annotator 4,446
561,scene-0561,trainval,unknown,turn left here,Annotator 1,235
562,scene-0562,trainval,d,stop behind the stopped truck,Annotator 3,368
562,scene-0562,trainval,s,Continue straight and slow down when approaching the stopped vehicle ahead,Annotator 6,56
562,scene-0562,trainval,s,Slow down before approaching the white vehicle ahead,Annotator 5,523
563,scene-0563,trainval,d,Change one lane to the right,Annotator 6,57
563,scene-0563,trainval,d,swtich to the right lane when the truck is out of the way,Annotator 3,369
563,scene-0563,trainval,s,Switch to the right lane on the solid white line to avoid being in the turn lane.,Annotator 5,524
563,scene-0563,trainval,sd,merge one lane to the right when there are no approaching vehicles,Annotator 1,237
563,scene-0563,trainval,unknown,switch lanes to the right,Annotator 4,448
564,scene-0564,trainval,d,follow the truck ahead and turn right,Annotator 1,238
564,scene-0564,trainval,ds,Make a right turn turn following the truck directly ahead,Annotator 6,58
564,scene-0564,trainval,ds,move when the truck starts moving and then turn right at the intersection,Annotator 3,370
564,scene-0564,trainval,unknown,turn right,Annotator 4,449
565,scene-0565,trainval,d,Follow the truck ahead. Stop at a safe distance behind the truck,Annotator 6,59
565,scene-0565,trainval,d,Follow the yellow truck ahead of you,Annotator 5,526
565,scene-0565,trainval,d,turn right and then stop behind the truck,Annotator 3,371
566,scene-0566,trainval,s,Make a right turn and proceed straight,Annotator 6,60
566,scene-0566,trainval,unknown,Make a right turn at the intersection and go straight,Annotator 5,527
566,scene-0566,trainval,unknown,trn right and go straight,Annotator 3,372
566,scene-0566,trainval,unknown,turn right,Annotator 4,451
570,scene-0570,trainval,s,Make a full stop at the intersection then make a right.,Annotator 5,529
570,scene-0570,trainval,s,Make a right turn at the stop sign,Annotator 6,63
570,scene-0570,trainval,s,turn right at the stop sign,Annotator 1,242
570,scene-0570,trainval,unknown,turn right,Annotator 4,453
574,scene-0574,trainval,s,"Following the road, turn left and continue until the stop sign. At the stop sign turn right",Annotator 6,67
574,scene-0574,trainval,s,Stop at the stopsign and make a right turn,Annotator 5,534
574,scene-0574,trainval,s,turn left at the end of the road,Annotator 1,246
574,scene-0574,trainval,s,"turn left, then stop at the stop sign and then turn right.",Annotator 3,378
574,scene-0574,trainval,unknown,Make a left turn and go srtaight,Annotator 5,533
574,scene-0574,trainval,unknown,Make a right turn,Annotator 5,535
574,scene-0574,trainval,unknown,"turn left, turn right",Annotator 4,457
575,scene-0575,trainval,unknown,turn right,Annotator 3,379
575,scene-0575,trainval,unknown,turn right here and continue,Annotator 1,247
576,scene-0576,trainval,s,Make a right turn at the light,Annotator 6,69
576,scene-0576,trainval,s,turn right at the intersection,Annotator 1,248
576,scene-0576,trainval,unknown,Make a right turn at the intersection and go straight,Annotator 5,537
576,scene-0576,trainval,unknown,turn right,Annotator 4,459
576,scene-0576,trainval,unknown,turn right at the intersection,Annotator 3,380
577,scene-0577,trainval,s,Making a right turn. Continue straight,Annotator 6,70
577,scene-0577,trainval,unknown,Make a right turn and go straight,Annotator 5,538
577,scene-0577,trainval,unknown,turn right at the intersection,Annotator 3,381
577,scene-0577,trainval,unknown,turn right here,Annotator 1,249
578,scene-0578,trainval,d,Continue straight when the stop light turns green,Annotator 6,71
578,scene-0578,trainval,d,Go straight when the stoplight turns green,Annotator 5,539
578,scene-0578,trainval,unknown,go straight,Annotator 3,382
580,scene-0580,trainval,s,Make a left turn and continue straight,Annotator 6,72
580,scene-0580,trainval,s,turn left at the intersection,Annotator 1,251
580,scene-0580,trainval,unknown,Make a left turn,Annotator 5,540
580,scene-0580,trainval,unknown,turn left,Annotator 3,383
582,scene-0582,trainval,s,Make a right turn at the light,Annotator 6,73
582,scene-0582,trainval,s,Make a right turn when you come about to the intersection and go straight,Annotator 5,541
582,scene-0582,trainval,s,turn right at the intersection,Annotator 1,252
582,scene-0582,trainval,unknown,turn right,Annotator 4,463
583,scene-0583,trainval,s,stop at the intersection then move ahead,Annotator 3,385
584,scene-0584,trainval,d,Slow down to allow the merging vehicle to get into the lane.,Annotator 5,543
584,scene-0584,trainval,d,turn right and then let the black car turn then continue,Annotator 3,386
584,scene-0584,trainval,ds,Make a right turn. Slow down to allow the incoming vehicle to merge into the lane.,Annotator 6,75
584,scene-0584,trainval,s,turn right at the stop sign,Annotator 1,254
584,scene-0584,trainval,unknown,turn right,Annotator 4,465
586,scene-0586,trainval,s,Change one lane to the right to be in the right turn lane,Annotator 6,77
586,scene-0586,trainval,s,enter the turning lane on the right,Annotator 3,388
586,scene-0586,trainval,s,merge into the right turn only lane,Annotator 1,256
586,scene-0586,trainval,unknown,Go into the right lane to make a right turn,Annotator 5,545
586,scene-0586,trainval,unknown,switch lanes to the right,Annotator 4,467
588,scene-0588,trainval,d,"When there are no incoming vehicles into turning lane, turn right and stay in the right most lane",Annotator 6,79
588,scene-0588,trainval,sd,turn right where there i are no approaching cars,Annotator 1,258
588,scene-0588,trainval,unknown,Make a right turn into the rightmost lane,Annotator 5,547
588,scene-0588,trainval,unknown,turn right,Annotator 4,469
588,scene-0588,trainval,unknown,turn right at the intersection,Annotator 3,390
589,scene-0589,trainval,s,Make a right turn and continue straight,Annotator 6,80
589,scene-0589,trainval,unknown,Switch into the middle lane,Annotator 5,548
589,scene-0589,trainval,unknown,turn right,Annotator 3,391
589,scene-0589,trainval,unknown,turn right at the intersection,Annotator 1,259
590,scene-0590,trainval,ds,Change lanes one to left to be in the middle lane. Continue straight when the light turns green and the bus passes the intersection,Annotator 6,81
590,scene-0590,trainval,s,merge over one lane to the left,Annotator 1,260
590,scene-0590,trainval,s,"slide into the left lane and stop at the intersection, move forward when the light turns green",Annotator 3,392
590,scene-0590,trainval,unknown,switch to left lane,Annotator 4,471
591,scene-0591,trainval,s,stop at the intersection,Annotator 3,393
592,scene-0592,trainval,unknown,Make a left turn,Annotator 5,551
592,scene-0592,trainval,unknown,turn left,Annotator 4,473
592,scene-0592,trainval,unknown,turn left at the intersection,Annotator 3,394
592,scene-0592,trainval,unknown,turn left here,Annotator 1,262
593,scene-0593,trainval,d,Make a right turn when all incoming vehicles have passed and all pedestrians have crossed the street,Annotator 6,84
593,scene-0593,trainval,unknown,Make a right turn,Annotator 5,552
593,scene-0593,trainval,unknown,turn right,Annotator 4,474
594,scene-0594,trainval,s,turn right at the intersection and then stop at the intersection behind the car,Annotator 3,396
594,scene-0594,trainval,unknown,turn right,Annotator 4,475
594,scene-0594,trainval,unknown,turn right here,Annotator 1,264
596,scene-0596,trainval,ds,Turn left at the stop light when the light is a green arrow,Annotator 6,87
596,scene-0596,trainval,ds,start moving when the car in front starts moving and then turn right at the intersection,Annotator 3,398
596,scene-0596,trainval,s,turn left at the intersection,Annotator 1,266
596,scene-0596,trainval,unknown,Make a left turn at the intersection,Annotator 5,555
596,scene-0596,trainval,unknown,turn left,Annotator 4,477
598,scene-0598,trainval,s,Make a right turn,Annotator 6,89
598,scene-0598,trainval,unknown,Make a right turn and go straight,Annotator 5,557
598,scene-0598,trainval,unknown,turn right at the intersection,Annotator 3,400
598,scene-0598,trainval,unknown,turn right here,Annotator 1,268
599,scene-0599,trainval,s,In the roundabout take the first exit,Annotator 6,90
599,scene-0599,trainval,s,exit the roundabout on the first right,Annotator 1,269
599,scene-0599,trainval,unknown,Take a right at the roundabout,Annotator 5,558
599,scene-0599,trainval,unknown,turn right,Annotator 4,480
599,scene-0599,trainval,unknown,turn right at the intersection,Annotator 3,401
625,scene-0625,trainval,d,Follow the vehicle directly ahead,Annotator 6,92
626,scene-0626,trainval,ds,Follow the vehicle directly ahead and enter the roundabout,Annotator 6,93
626,scene-0626,trainval,s,stop at the intersection,Annotator 3,404
629,scene-0629,trainval,s,stop at   the intersection then go straight,Annotator 3,406
629,scene-0629,trainval,s,stop at the stopsign,Annotator 5,563
629,scene-0629,trainval,s,take a slight right and continue on the road,Annotator 1,274
629,scene-0629,trainval,unknown,Continue straight,Annotator 5,564
629,scene-0629,trainval,unknown,go on the right road and go straight,Annotator 4,485
630,scene-0630,trainval,s,Continue straight once at the stop sign,Annotator 6,96
630,scene-0630,trainval,s,stop at   the intersection then go straight,Annotator 3,407
630,scene-0630,trainval,s,stop at the stopsign,Annotator 5,565
632,scene-0632,trainval,s,"Following the road, turn right at the corner. Shortly after turning the corner, turn right",Annotator 6,97
632,scene-0632,trainval,s,take a right the end of the road and another right at the intersection,Annotator 1,276
632,scene-0632,trainval,s,turn right and then turn right again at the next intersection,Annotator 3,408
632,scene-0632,trainval,unknown,Make a right turn,Annotator 5,566
632,scene-0632,trainval,unknown,Make another right turn,Annotator 5,567
632,scene-0632,trainval,unknown,"turn right, turn right",Annotator 4,487
634,scene-0634,trainval,d,Slow down before approaching the vehicle ahead of you,Annotator 5,571
634,scene-0634,trainval,s,Make a left turn,Annotator 6,99
634,scene-0634,trainval,s,Stop at the stopsign,Annotator 5,569
634,scene-0634,trainval,s,turn left at the intersection,Annotator 3,410
634,scene-0634,trainval,unknown,Make a left turn,Annotator 5,570
634,scene-0634,trainval,unknown,turn left,Annotator 4,489
634,scene-0634,trainval,unknown,turn left here,Annotator 1,278
635,scene-0635,trainval,d,Stop and wait for the semi-truck to park,Annotator 6,100
635,scene-0635,trainval,d,Wait until the vehicle in front of you is not blocking the lane to proceed forward.,Annotator 5,572
636,scene-0636,trainval,s,Make a right at the stop sign,Annotator 6,101
636,scene-0636,trainval,s,take a right at the stop sign,Annotator 1,280
636,scene-0636,trainval,s,turn right at the intersection,Annotator 3,412
636,scene-0636,trainval,unknown,Make a right turn,Annotator 5,574
636,scene-0636,trainval,unknown,Stop at the stopsign.,Annotator 5,573
636,scene-0636,trainval,unknown,turn right,Annotator 4,491
638,scene-0638,trainval,d,Wait until oncoming traffic passes and make a left turn,Annotator 6,103
638,scene-0638,trainval,sd,turn left at the intersection when there are no incoming vehicles,Annotator 1,282
638,scene-0638,trainval,unknown,Make a left turn at the itnersection,Annotator 5,576
638,scene-0638,trainval,unknown,turn left,Annotator 3,495
639,scene-0639,trainval,s,stop at the intersection,Annotator 3,496
640,scene-0640,trainval,s,Continue straight and stay in the middle lane,Annotator 6,105
640,scene-0640,trainval,unknown,Go straight when the stoplight turns green,Annotator 5,578
641,scene-0641,trainval,s,"Passing the light, change one lane to the right",Annotator 6,106
641,scene-0641,trainval,s,merge one lane over to the right after the intersection,Annotator 1,285
641,scene-0641,trainval,s,slide into the right lane and stop at the intersection,Annotator 3,498
641,scene-0641,trainval,unknown,"After crossing the intersection, switch into the right lane.",Annotator 5,579
642,scene-0642,trainval,d,Continue straight when the light turns green,Annotator 6,107
642,scene-0642,trainval,s,start moving when light turns green,Annotator 3,499
642,scene-0642,trainval,unknown,Go straight when the stoplight turns green,Annotator 5,580
645,scene-0645,trainval,d,Make a full stop at the blinking light. Turn right when the pedestrian isn't an obstacle in the turning lane,Annotator 6,110
645,scene-0645,trainval,d,Switch to the right lane and come to a full stop at the flashing stoplights,Annotator 5,583
645,scene-0645,trainval,s,merge over one lane to the right and turn right at the intersection,Annotator 1,289
645,scene-0645,trainval,s,"slide into the right lane, stop at the intersection then turn right",Annotator 3,502
645,scene-0645,trainval,unknown,Make a right turn,Annotator 5,584
645,scene-0645,trainval,unknown,turn right,Annotator 4,500
646,scene-0646,trainval,unknown,turn right here,Annotator 1,290
648,scene-0648,trainval,s,Continue straight and change to the right most lane,Annotator 6,113
648,scene-0648,trainval,s,Switch into the right lane after passing by the white large vehicle thats on the right side of the road,Annotator 5,587
648,scene-0648,trainval,unknown,slide into the right lane,Annotator 3,505
649,scene-0649,trainval,s,merge one lane over to the right and turn turn right at the intersection,Annotator 1,293
649,scene-0649,trainval,s,stop at the intersection,Annotator 3,506
649,scene-0649,trainval,unknown,turn right,Annotator 4,504
650,scene-0650,trainval,s,stop at the red light,Annotator 3,507
651,scene-0651,trainval,d,Go straight on the greenlight,Annotator 5,590
651,scene-0651,trainval,d,Make a left turn at the intersection once all cars from the left side of the road have cleared,Annotator 5,591
651,scene-0651,trainval,d,Turn left when the oncoming traffic has passed,Annotator 6,116
651,scene-0651,trainval,d,"let the oncoming traffic pass, then turn right",Annotator 3,508
651,scene-0651,trainval,d,turn left here when there are no approaching vehicles,Annotator 1,295
653,scene-0653,trainval,d,Come to a stop before approaching the pedestrians to allow them to cross the road.,Annotator 5,593
653,scene-0653,trainval,d,"stop and let the pedestrians cross, then continue",Annotator 3,510
653,scene-0653,trainval,d,stop for the pedestrians,Annotator 4,508
653,scene-0653,trainval,ds,Allow the pedestrians to cross the road and continue straight when the pedestrian aren't an obstacle on current lane,Annotator 6,118
654,scene-0654,trainval,s,Stop at the stopsign,Annotator 5,594
654,scene-0654,trainval,s,turn right and stop at the stop sign then continue,Annotator 3,511
657,scene-0657,trainval,ds,Make a left turn when there's no oncoming traffic,Annotator 6,122
657,scene-0657,trainval,s,Make a left turn at the intersection,Annotator 5,597
657,scene-0657,trainval,s,stop at the intersection then turn left,Annotator 3,514
657,scene-0657,trainval,sd,turn left at the intersection when there are no approaching vehicles from the other side of the road,Annotator 1,301
657,scene-0657,trainval,unknown,turn left,Annotator 4,512
658,scene-0658,trainval,d,Make a left turn when it is safe to do so,Annotator 5,598
658,scene-0658,trainval,s,Make a left turn,Annotator 6,123
658,scene-0658,trainval,s,stop at the intersection then turn left,Annotator 3,515
658,scene-0658,trainval,sd,turn left at the intersection when there are no approaching vehicles from the other side of the road,Annotator 1,302
658,scene-0658,trainval,unknown,turn left,Annotator 4,513
660,scene-0660,trainval,s,Continue straight taking a slight left around the parked semi-truck,Annotator 6,125
660,scene-0660,trainval,s,"continue striaght ahead, avoid hitting the parked vehicles",Annotator 3,517
660,scene-0660,trainval,unknown,follow the road to the left and continue straight,Annotator 1,304
660,scene-0660,trainval,unknown,go left,Annotator 4,515
661,scene-0661,trainval,s,Make a left turn at the end of the road,Annotator 5,601
661,scene-0661,trainval,s,turn left at the barricades,Annotator 3,518
661,scene-0661,trainval,s,turn left at the end of the road,Annotator 1,305
661,scene-0661,trainval,unknown,turn left,Annotator 4,516
662,scene-0662,trainval,s,stop at the stop sign,Annotator 3,519
662,scene-0662,trainval,unknown,Stop at the stopsign,Annotator 5,602
663,scene-0663,trainval,s,Make a left turn at the stop sign,Annotator 6,128
663,scene-0663,trainval,s,turn left at the intersection,Annotator 3,520
663,scene-0663,trainval,unknown,Make a left turn and countinue straight,Annotator 5,603
663,scene-0663,trainval,unknown,turn left,Annotator 4,518
663,scene-0663,trainval,unknown,turn left here,Annotator 1,307
664,scene-0664,trainval,unknown,follow the road,Annotator 3,521
665,scene-0665,trainval,d,Make another left turn when the vehicle from the left side crosses the intersection,Annotator 5,606
665,scene-0665,trainval,d,turn left stop at the intersection and move forward only when all cars have passed,Annotator 3,522
665,scene-0665,trainval,ds,Make a left turn and then take another left onto the main street if there's no oncoming traffic,Annotator 6,130
665,scene-0665,trainval,unknown,Make a left turn,Annotator 5,605
665,scene-0665,trainval,unknown,turn left,Annotator 4,520
665,scene-0665,trainval,unknown,turn left to exit the parking lot and take a left onto the main road,Annotator 1,309
666,scene-0666,trainval,d,Slow down to allow the pedestrian in front of to complete walking across the road.,Annotator 5,607
666,scene-0666,trainval,d,"Slow down to let the pedestrian cross. When the pedestrian isn't an obstacle on the road, continue straight",Annotator 6,131
667,scene-0667,trainval,d,drive around the parked truck and continue straight,Annotator 1,311
667,scene-0667,trainval,ds,"Continuing straight, go around the unloading truck in the street briefly going in the opposite lane",Annotator 6,132
667,scene-0667,trainval,s,Briefly go onto the left side of the road to avoid the parked vehicle in your lane,Annotator 5,608
667,scene-0667,trainval,s,go around the vehicle,Annotator 4,522
667,scene-0667,trainval,s,swerve around the parked truck,Annotator 3,524
669,scene-0669,trainval,s,turn right then go straight,Annotator 3,526
669,scene-0669,trainval,unknown,Make a right turn into the middle lane,Annotator 5,610
669,scene-0669,trainval,unknown,Turn right at the light,Annotator 6,134
669,scene-0669,trainval,unknown,turn right,Annotator 4,524
669,scene-0669,trainval,unknown,turn right here,Annotator 1,313
671,scene-0671,trainval,unknown,stop at the intersection,Annotator 3,528
673,scene-0673,trainval,s,stop at the red light,Annotator 3,530
674,scene-0674,trainval,d,slow down for the pedestrian,Annotator 3,531
675,scene-0675,trainval,d,Slow down for the pedestrian in front of you,Annotator 5,616
675,scene-0675,trainval,d,Slowly proceed with caution maintaining a safe distance between the moving pedestrian,Annotator 6,140
675,scene-0675,trainval,d,proceed slowly to avoid hitting the wheelchair,Annotator 3,532
676,scene-0676,trainval,d,"Continue proceeding with caution, come to a stop before the flashing pedestrian sign and proceed when safe to do so",Annotator 6,141
676,scene-0676,trainval,d,poceed slowly to avoid the wheelchair,Annotator 3,533
677,scene-0677,trainval,d,proceed slowly to avoid hitting the wheelchair,Annotator 3,534
678,scene-0678,trainval,d,poceed slowly to avoid the wheelchair,Annotator 3,535
679,scene-0679,trainval,d,"Once it is safe to do so, pass the pedestrian on the wheelchair",Annotator 5,620
679,scene-0679,trainval,d,"When the pedestrian in the wheel chair goes out to the side, cautiously go around him and continue straight",Annotator 6,144
683,scene-0683,trainval,d,Follow the vehicle directly ahead,Annotator 6,146
683,scene-0683,trainval,unknown,Merge into the right lane when it opens,Annotator 5,623
685,scene-0685,trainval,ds,Make a right turn when the pedestrian isn't an obstacle in the lane you're turning into,Annotator 6,148
685,scene-0685,trainval,unknown,Make a right turn at the intersection,Annotator 5,625
685,scene-0685,trainval,unknown,turn right,Annotator 4,538
685,scene-0685,trainval,unknown,turn right at the intersection,Annotator 1,476
687,scene-0687,trainval,d,turn right when there are no pedestrians,Annotator 1,478
689,scene-0689,trainval,d,Coninue straight wehen the stoplight turns green,Annotator 5,629
689,scene-0689,trainval,d,"When the light turns green, continue straight and follow the vehicle ahead",Annotator 6,152
695,scene-0695,trainval,d,"Continue straight, slow down to let the car turn to avoid an accident",Annotator 6,153
696,scene-0696,trainval,d,Slow and come to a stop if needed to allow the pedestrian to cross,Annotator 6,154
696,scene-0696,trainval,d,Stop before the stopwalk to allow the pedestrian to cross the road,Annotator 5,631
696,scene-0696,trainval,d,stop and wait for the pedestrians,Annotator 4,544
697,scene-0697,trainval,d,"After the pedestrian crosses the road, continue straight",Annotator 5,632
697,scene-0697,trainval,d,"Once pedestrian crosses and isn't an obstacle in the path, continue straight",Annotator 6,155
700,scene-0700,trainval,s,Make a right turn at the intersection into the middle lane,Annotator 5,634
700,scene-0700,trainval,s,Make a right turn at the light,Annotator 6,157
700,scene-0700,trainval,unknown,turn right,Annotator 4,547
700,scene-0700,trainval,unknown,turn right here,Annotator 1,485
703,scene-0703,trainval,d,Continue straight when the stoplight turns green,Annotator 5,636
709,scene-0709,trainval,d,Go on the left side of your lane before appraoching the construction that is on the right side of your lane,Annotator 5,642
710,scene-0710,trainval,d,Come to a stop for the pedestrians acrossing the street ahead of you,Annotator 5,643
710,scene-0710,trainval,d,stop for the pedestrians,Annotator 4,556
711,scene-0711,trainval,d,Switch back to the lane lane to avoid the construction ahead of you when no cars are coming from behind,Annotator 5,645
711,scene-0711,trainval,s,Change one lane to the right,Annotator 6,167
711,scene-0711,trainval,unknown,Switch to the right lane,Annotator 5,644
711,scene-0711,trainval,unknown,merge onto the left lane,Annotator 1,495
711,scene-0711,trainval,unknown,switch lanes to the right,Annotator 4,557
712,scene-0712,trainval,s,"When on the bridge, change one lane to the right",Annotator 6,168
712,scene-0712,trainval,unknown,"After crossing the intersection, switch to the rightmost lane",Annotator 5,646
716,scene-0716,trainval,d,Make a right turn at the intersectin when the light turns green and there are no pedestrians on the road,Annotator 5,650
716,scene-0716,trainval,ds,Make a right turn at the light,Annotator 6,172
716,scene-0716,trainval,unknown,turn right,Annotator 4,562
716,scene-0716,trainval,unknown,turn right at the signal,Annotator 1,500
719,scene-0719,trainval,ds,Make a right turn at the intersection when the stpolight turns green,Annotator 5,653
719,scene-0719,trainval,s,Make a right turn at the light,Annotator 6,175
719,scene-0719,trainval,unknown,turn right,Annotator 4,565
728,scene-0728,trainval,d,Continue straight when the stoplight turns green,Annotator 5,656
734,scene-0734,trainval,d,Proceed straight when the stoplight turns green,Annotator 5,660
736,scene-0736,trainval,s,Make a left turn at the stop sign,Annotator 6,184
736,scene-0736,trainval,s,Stop at the stopsign and then make a left turn,Annotator 5,662
736,scene-0736,trainval,unknown,turn left,Annotator 4,574
737,scene-0737,trainval,s,Make a right turn,Annotator 6,185
737,scene-0737,trainval,unknown,turn right,Annotator 4,575
738,scene-0738,trainval,s,Take the second exit in the roundabout,Annotator 6,186
739,scene-0739,trainval,s,Stop at the stopsign,Annotator 5,665
740,scene-0740,trainval,s,Make a right turn at the intersection,Annotator 6,188
740,scene-0740,trainval,unknown,Make a right turn,Annotator 5,666
740,scene-0740,trainval,unknown,turn right,Annotator 4,578
744,scene-0744,trainval,s,Stop at the stopsign,Annotator 5,668
746,scene-0746,trainval,s,Shift to the lane on the left,Annotator 6,191
746,scene-0746,trainval,unknown,Switch into the leftmost lane,Annotator 5,669
746,scene-0746,trainval,unknown,go all the way to the left lane,Annotator 4,581
750,scene-0750,trainval,d,Move the car to the right to allow the oncoming vehicle to pass,Annotator 6,194
750,scene-0750,trainval,d,Move the vehicle to the right to allow the truck to properly turn,Annotator 5,672
750,scene-0750,trainval,d,Proceed straight when the stpolight turns green,Annotator 5,673
752,scene-0752,trainval,s,Avoid the parked vehicle ahead of you by going around it on the left side and then proceed back into the same lane,Annotator 5,675
752,scene-0752,trainval,s,Go around the vehicle stopped in the road briefly going in the opposite lane,Annotator 6,196
752,scene-0752,trainval,s,go around the road obstruction,Annotator 4,586
760,scene-0760,trainval,d,Make a right turn at the light when it turns green. Slow down for a small amount of time to allow the oncoming vehicle to turn into the road first,Annotator 6,200
760,scene-0760,trainval,s,"Go onto the left side of the road, if it is clear, to avoid the parked vehicle in front. Then go back onto the right side of the road.",Annotator 5,688
760,scene-0760,trainval,unknown,Make a right tturn at the greenlight and when it is safe to do so.,Annotator 5,679
760,scene-0760,trainval,unknown,turn right,Annotator 4,590
762,scene-0762,trainval,s,Make a right turn at the first set of lights,Annotator 6,202
762,scene-0762,trainval,s,Make a right turn at the intersection,Annotator 5,681
762,scene-0762,trainval,unknown,turn right,Annotator 4,592
764,scene-0764,trainval,d,Keep a safe distance between the individual on the bicycle in front of you,Annotator 5,683
768,scene-0768,trainval,ds,Go around the stopped vehicle on the road by going in the left lane only if it's safe to do so,Annotator 6,207
768,scene-0768,trainval,s,"Slightly go onto the left lane, if it is safe, to avoid the parked vehicle on the right side of your lane.",Annotator 5,686
769,scene-0769,trainval,ds,Make a right turn at the light. Go around the stopped vehicle by going in the opposite lane only if it's safe to do so,Annotator 6,208
769,scene-0769,trainval,s,"turn right, go around the vehicle",Annotator 4,598
769,scene-0769,trainval,unknown,Make a right turn at the intersection,Annotator 5,687
770,scene-0770,trainval,unknown,stop at the curb,Annotator 4,599
778,scene-0778,trainval,s,Make a U turn,Annotator 6,213
778,scene-0778,trainval,unknown,Make a u-turn,Annotator 5,693
778,scene-0778,trainval,unknown,take a u-turn,Annotator 4,603
783,scene-0783,trainval,s,"Before coming to a stop at the intersection, turn to the lane with the forward marking",Annotator 5,697
783,scene-0783,trainval,s,Past the second set of lights change one lane to the right,Annotator 6,217
783,scene-0783,trainval,unknown,switch to the right lane,Annotator 4,607
790,scene-0790,trainval,d,Continue straight whent the stoplight turns green,Annotator 5,702
798,scene-0798,trainval,d,Follow the grey vehicle in front of you,Annotator 5,709
799,scene-0799,trainval,d,Keep following the grey vehicle in front of you,Annotator 5,710
800,scene-0800,trainval,d,Keep following the grey vehicle in front of you,Annotator 5,711
802,scene-0802,trainval,d,Keep following the grey vehicle in front of you,Annotator 5,712
803,scene-0803,trainval,unknown,"When it is clear to do so, merge onto the road from the parking space.",Annotator 5,713
803,scene-0803,trainval,unknown,merge onto the road when there are no oncoming cars,Annotator 1,610
808,scene-0808,trainval,d,Continue straight when the stoplight turns green,Annotator 5,717
812,scene-0812,trainval,d,Continue straight when the stoplight turns green,Annotator 5,721
812,scene-0812,trainval,unknown,merge into right rurn only lane,Annotator 1,618
812,scene-0812,trainval,unknown,switch lanes to the right,Annotator 4,631
815,scene-0815,trainval,s,turn right at the signal and merge into the left most lane,Annotator 1,620
815,scene-0815,trainval,unknown,Make a right turn,Annotator 5,723
815,scene-0815,trainval,unknown,"turn right, switch lanes to the right",Annotator 4,633
816,scene-0816,trainval,s,Go around the round about and make the left turn,Annotator 5,724
816,scene-0816,trainval,unknown,take the third roundabout exit,Annotator 1,621
816,scene-0816,trainval,unknown,turn left at the roundabout,Annotator 4,634
817,scene-0817,trainval,s,Stop at the stopsign,Annotator 5,725
819,scene-0819,trainval,s,Make a right turn at the intersection,Annotator 5,726
819,scene-0819,trainval,s,as the stop sign turn right,Annotator 1,623
819,scene-0819,trainval,unknown,turn right,Annotator 4,636
821,scene-0821,trainval,unknown,After crossing the first intersection stay on the left side of the road,Annotator 5,728
821,scene-0821,trainval,unknown,follow the road,Annotator 4,638
848,scene-0848,trainval,d,Slow down to allow the pedestrian to cross the road,Annotator 5,731
848,scene-0848,trainval,s,Switch to the right lane to avoid the parked cars on your lane,Annotator 5,732
848,scene-0848,trainval,unknown,switch to the right lane,Annotator 4,641
849,scene-0849,trainval,unknown,switch to the left lane,Annotator 4,642
850,scene-0850,trainval,unknown,continue going along the road,Annotator 3,536
852,scene-0852,trainval,s,Change to the right lane and go back to the left lane when there are no obstructing cars,Annotator 5,736
852,scene-0852,trainval,s,Go into the left turn lane,Annotator 5,737
852,scene-0852,trainval,s,"switch to the right lane in order to avoid hitting the parked cars, then near the turning lanes switch back to the left lane",Annotator 3,538
852,scene-0852,trainval,unknown,merge into the far left lane,Annotator 1,632
852,scene-0852,trainval,unknown,switch to the right lane,Annotator 4,645
853,scene-0853,trainval,d,"slow down to avoid hitting the car(white SUV), then carefully follow that car and stop behind it.",Annotator 3,539
853,scene-0853,trainval,s,Go into the middle lane,Annotator 5,738
853,scene-0853,trainval,unknown,take a right into the connecting road,Annotator 1,641
853,scene-0853,trainval,unknown,turn left,Annotator 4,646
853,scene-0853,trainval,unknown,turn left here,Annotator 1,633
854,scene-0854,trainval,d,follow the white SUV in front while maintaining a safe distance,Annotator 3,540
855,scene-0855,trainval,d,Allow the vehicle with the left lane blinker to merge into your lane,Annotator 5,741
855,scene-0855,trainval,d,turn right and proceed slowly in order to avoid hitting the turning cars,Annotator 3,541
855,scene-0855,trainval,unknown,Make a right turn,Annotator 5,740
855,scene-0855,trainval,unknown,turn right,Annotator 4,648
856,scene-0856,trainval,unknown,continue on this road,Annotator 1,636
861,scene-0861,trainval,d,Make a right turn when there are no cars coming from the left side,Annotator 5,745
861,scene-0861,trainval,d,"wait for all the vehicles to pass, then carefully turn right",Annotator 3,545
861,scene-0861,trainval,unknown,turn right,Annotator 4,652
861,scene-0861,trainval,unknown,turn right at the intersection,Annotator 1,639
862,scene-0862,trainval,d,"stop at the crosswalk, let the pedestrians cross, then continue moving ahead",Annotator 3,546
862,scene-0862,trainval,ds,Stop before the crosswalk to allow the pedestrian to walk accross the road. Then continue once it is clear,Annotator 5,746
862,scene-0862,trainval,unknown,stay on the far left lane and keep keft at the fork,Annotator 1,640
863,scene-0863,trainval,s,turn right at the intersection and stay in the left lane,Annotator 3,547
863,scene-0863,trainval,unknown,Make a right turn,Annotator 5,747
863,scene-0863,trainval,unknown,turn right,Annotator 4,654
865,scene-0865,trainval,s,"Go slightly on the right side of the road to avoid the parked vehicle in front, then go back onto the lane.",Annotator 5,750
865,scene-0865,trainval,s,"turn right at the intersection, then swerve around the parked tempo",Annotator 3,549
865,scene-0865,trainval,s,"turn right, go around road obstruction",Annotator 4,656
865,scene-0865,trainval,unknown,Make a right turn,Annotator 5,749
865,scene-0865,trainval,unknown,turn right into the connecting road,Annotator 1,643
866,scene-0866,trainval,s,turn right at the fork,Annotator 3,550
866,scene-0866,trainval,unknown,keep right,Annotator 1,644
866,scene-0866,trainval,unknown,turn right,Annotator 4,657
868,scene-0868,trainval,unknown,Make a right turn,Annotator 5,752
868,scene-0868,trainval,unknown,complete the right turn,Annotator 3,551
868,scene-0868,trainval,unknown,turn right and continue,Annotator 1,645
872,scene-0872,trainval,d,When the light turns green continue straight,Annotator 5,756
872,scene-0872,trainval,s,move ahead when the signal turns green,Annotator 3,555
876,scene-0876,trainval,d,When the light turns green continue straight,Annotator 5,759
876,scene-0876,trainval,s,when the signal turns green go straight,Annotator 3,558
878,scene-0878,trainval,s,stop at the signal,Annotator 3,560
880,scene-0880,trainval,ds,"Continue straight when the stoplight turns green, and after passing it, make a left turn",Annotator 5,762
880,scene-0880,trainval,s,turn left at the traffic signa,Annotator 1,655
880,scene-0880,trainval,s,"when the signal turns green, turn right at the intersection",Annotator 3,561
882,scene-0882,trainval,ds,When the stoplight turns green make a left turn,Annotator 5,763
882,scene-0882,trainval,s,turn left at the signal,Annotator 1,656
882,scene-0882,trainval,s,"turn right, when the signal turns green",Annotator 3,562
882,scene-0882,trainval,unknown,turn left,Annotator 4,669
883,scene-0883,trainval,s,stop at the signal,Annotator 3,563
885,scene-0885,trainval,d,Continue straight when the stpolight turns green,Annotator 5,766
885,scene-0885,trainval,s,go stright when the signal turns green,Annotator 3,565
886,scene-0886,trainval,s,stop before the crosswalk when the signal turns red,Annotator 3,566
888,scene-0888,trainval,s,"when the signal turns green, turn right",Annotator 3,568
888,scene-0888,trainval,unknown,Make a right turn,Annotator 5,769
888,scene-0888,trainval,unknown,turn right,Annotator 4,675
889,scene-0889,trainval,s,stop at the signal,Annotator 3,569
890,scene-0890,trainval,d,wait for the oncoming traffic to pass ten turn left,Annotator 3,570
890,scene-0890,trainval,ds,"When the stoplight turns green, make a left turn at the intersection once all cars have passed by",Annotator 5,771
891,scene-0891,trainval,s,complete the left turn and go stright,Annotator 3,571
891,scene-0891,trainval,unknown,turn left,Annotator 4,678
891,scene-0891,trainval,unknown,turn left here,Annotator 1,665
894,scene-0894,trainval,ds,Make a left turn once all of the pedestrians have crossed the crosswalk,Annotator 5,775
894,scene-0894,trainval,s,turn left at the intersection,Annotator 3,574
894,scene-0894,trainval,unknown,turn left,Annotator 4,681
894,scene-0894,trainval,unknown,turn left into the intersection,Annotator 1,668
896,scene-0896,trainval,s,go around the vehicle obstructing the road,Annotator 4,683
896,scene-0896,trainval,s,"swerve around the parked trailer, then re-join the right lane",Annotator 3,576
897,scene-0897,trainval,ds,"stop at the stop sign, behind the jeep, wait for the pedestrian to cross, then go straight",Annotator 3,577
898,scene-0898,trainval,s,stop at the signal,Annotator 3,578
899,scene-0899,trainval,d,When the stoplight turns green go straight,Annotator 5,780
899,scene-0899,trainval,s,go straight when the signal turns green,Annotator 3,579
900,scene-0900,trainval,d,"When the stoplight turns greeen, make a left turn if there are no oncoming cars",Annotator 5,781
900,scene-0900,trainval,d,"turn right at the intersection, avoid hitting the oncoming traffic",Annotator 3,580
900,scene-0900,trainval,unknown,turn left at the interesction,Annotator 1,674
902,scene-0902,trainval,s,stop behind the bus at the intersection,Annotator 3,582
905,scene-0905,trainval,s,slide into the right lane,Annotator 3,585
906,scene-0906,trainval,s,Make a right turn at the intersection,Annotator 5,787
906,scene-0906,trainval,s,turn right at the intersection,Annotator 3,586
906,scene-0906,trainval,unknown,turn right,Annotator 4,693
907,scene-0907,trainval,s,at the signal turn right,Annotator 1,681
907,scene-0907,trainval,s,complete the right turn and then stop behind the stopped vehicle,Annotator 3,587
908,scene-0908,trainval,d,"when the vehicle in front starts moving, drivbe forward",Annotator 3,588
914,scene-0914,trainval,s,"Before stopping at the intersection, switch to the right lane",Annotator 5,795
914,scene-0914,trainval,s,slide into the right turning lane near the intersection,Annotator 3,594
914,scene-0914,trainval,unknown,switch lanes to the right,Annotator 4,701
915,scene-0915,trainval,unknown,Make a left turn,Annotator 5,796
915,scene-0915,trainval,unknown,turn left,Annotator 4,702
915,scene-0915,trainval,unknown,turn left here and continue,Annotator 1,690
915,scene-0915,trainval,unknown,turn right lef at the intersection,Annotator 3,595
916,scene-0916,trainval,s,Follow the road through the parking lot,Annotator 5,797
916,scene-0916,trainval,s,"complete the right turn, then follow the road to exit the parkig lot",Annotator 3,596
916,scene-0916,trainval,unknown,"turn right, turn right",Annotator 4,703
917,scene-0917,trainval,ds,Slow down to allow the pedestrians to cross the road,Annotator 5,798
917,scene-0917,trainval,ds,"slow down for the pedestrians, breifly stop at the intersection, then turn right",Annotator 3,597
917,scene-0917,trainval,unknown,Make a left turn at the intersection,Annotator 5,799
917,scene-0917,trainval,unknown,at the intersection turn left,Annotator 1,692
917,scene-0917,trainval,unknown,turn left,Annotator 4,704
920,scene-0920,trainval,unknown,Make a right turn,Annotator 5,801
920,scene-0920,trainval,unknown,turn right,Annotator 3,599
921,scene-0921,trainval,ds,Stop at the stopsign and make a left turn once all cars from the right side have passed,Annotator 5,802
921,scene-0921,trainval,s,at the stop sign turn left,Annotator 1,695
921,scene-0921,trainval,s,stop at the intersection then turn left,Annotator 3,600
921,scene-0921,trainval,unknown,turn left,Annotator 4,707
922,scene-0922,trainval,s,"Briefly go on the right side of the road to avoid the parked vehicle in front, then go back to the original lane",Annotator 5,803
922,scene-0922,trainval,s,go around the bus,Annotator 4,708
922,scene-0922,trainval,s,swerve around the parked vehicle,Annotator 3,601
925,scene-0925,trainval,d,"stop at the crosswalk and let the pedestrians cross, then move ahead",Annotator 3,604
925,scene-0925,trainval,ds,Stop before the crosswalk to allow pedestrians to cross the road and proceed after they have crossed,Annotator 5,806
926,scene-0926,trainval,s,Make a right turn and go down the road,Annotator 5,807
926,scene-0926,trainval,unknown,turn right,Annotator 4,712
926,scene-0926,trainval,unknown,turn right at the intersection,Annotator 3,605
928,scene-0928,trainval,s,turn right at the intersection,Annotator 3,607
928,scene-0928,trainval,unknown,Make a right turn at the intersection,Annotator 5,809
928,scene-0928,trainval,unknown,turn right,Annotator 4,714
929,scene-0929,trainval,d,Stop before the toll gate and proceed when the toll gate opens,Annotator 5,810
929,scene-0929,trainval,s,"stop at the gate, once the arm is lifted proceed",Annotator 3,608
930,scene-0930,trainval,s,turn right at the fork,Annotator 3,609
930,scene-0930,trainval,unknown,turn right,Annotator 4,716
931,scene-0931,trainval,s,Take a left and stop at the front of the entrance,Annotator 5,812
931,scene-0931,trainval,s,enter the horseshoe and stop at the gate,Annotator 3,610
931,scene-0931,trainval,unknown,go to the left and stop in front of the building,Annotator 4,717
945,scene-0945,trainval,s,Make a left turn while avoiding the construction.,Annotator 5,813
945,scene-0945,trainval,s,"turn right at the intersection avoid hitting the traffic cones, reverse back slighly and merge into the left lane",Annotator 3,611
945,scene-0945,trainval,unknown,Make the first left turn possible,Annotator 5,814
945,scene-0945,trainval,unknown,"turn left, turn left",Annotator 4,718
947,scene-0947,trainval,unknown,turn left,Annotator 4,719
947,scene-0947,trainval,unknown,turn left at the intersection,Annotator 3,612
949,scene-0949,trainval,s,stop at the intersection,Annotator 3,613
952,scene-0952,trainval,s,Merge to the left lane and stop before entering the main road.,Annotator 5,817
952,scene-0952,trainval,s,"stop at the intersection, then proceed",Annotator 3,614
952,scene-0952,trainval,unknown,Slowly enter the main road after the foll stop,Annotator 5,818
953,scene-0953,trainval,unknown,Switch to the left lane,Annotator 5,819
955,scene-0955,trainval,s,Switch to the right lane briefly to pass the parked vehicle ahead and go back to the left lane immediately after,Annotator 5,820
958,scene-0958,trainval,d,"When the light turns green, proceed straight",Annotator 5,823
958,scene-0958,trainval,s,Come to a stop when you appraoch the parked vehicle in front,Annotator 5,824
959,scene-0959,trainval,d,"Switch to the right lane when there are no cars coming from behind, then switch back to the left lane once you have passed all obstructions",Annotator 5,825
959,scene-0959,trainval,unknown,go around the vehicle obstructing the road,Annotator 4,727
960,scene-0960,trainval,d,Make a left turn if there are no cars coming from the right side,Annotator 5,826
960,scene-0960,trainval,unknown,turn left,Annotator 4,728
961,scene-0961,trainval,s,Switch to the right lane when you see the parked vehicle ahead.,Annotator 5,827
962,scene-0962,trainval,unknown,"At the intersection, make a left turn onto the leftmost lane",Annotator 5,828
962,scene-0962,trainval,unknown,turn left,Annotator 4,730
963,scene-0963,trainval,unknown,Switch to the rightmost lane,Annotator 5,829
966,scene-0966,trainval,s,Slowly pass the parked vehicle on your lane by staying on the right side.,Annotator 5,830
966,scene-0966,trainval,unknown,go around the vehicle obstructing the road,Annotator 4,732
967,scene-0967,trainval,d,Slowly pass the pedestrians that are a little bit on the row,Annotator 5,831
967,scene-0967,trainval,s,Stop at the sotpsign,Annotator 5,832
968,scene-0968,trainval,d,"Once all cars from oncoming traffic have passed, make a right turn",Annotator 5,833
968,scene-0968,trainval,s,Stop before the closed toll gate,Annotator 5,834
968,scene-0968,trainval,unknown,turn right,Annotator 4,734
969,scene-0969,trainval,d,"When the toll gate opens, continue straight",Annotator 5,835
969,scene-0969,trainval,s,Go around the parked vehicle in your lane by going around on the right,Annotator 5,836
969,scene-0969,trainval,unknown,go around the vehicle obstructing the road,Annotator 4,735
971,scene-0971,trainval,unknown,Make a right turn,Annotator 5,837
971,scene-0971,trainval,unknown,turn right,Annotator 4,736
979,scene-0979,trainval,d,Continue straight once the stoplight turns green,Annotator 5,843
980,scene-0980,trainval,unknown,Make a left turn before approaching the construction in your lane,Annotator 5,844
983,scene-0983,trainval,d,After passing the intersection switch to the right lane,Annotator 5,847
988,scene-0988,trainval,unknown,Make a right turn if there are no cars coming from the left side,Annotator 5,849
988,scene-0988,trainval,unknown,at the end of the road turn right,Annotator 1,507
989,scene-0989,trainval,ds,"Come to a stop before the crosswalk to allow the pedestrian to cross the road. After the pedestrian has crossed the road, continue forward",Annotator 5,850
990,scene-0990,trainval,unknown,continue on this road,Annotator 1,509
991,scene-0991,trainval,d,Stop at a safe distance behind the unloading vehicle,Annotator 6,233
991,scene-0991,trainval,ds,Come to a stop when you see pedestrians in front of you,Annotator 5,852
991,scene-0991,trainval,sd,stop right behind the gray car and wait for the people to pass,Annotator 2,465
994,scene-0994,trainval,s,Make a right turn,Annotator 6,235
994,scene-0994,trainval,s,take the roundabout,Annotator 2,467
994,scene-0994,trainval,unknown,Make a right turn when it appears,Annotator 5,854
994,scene-0994,trainval,unknown,keep right at the intersection,Annotator 1,511
995,scene-0995,trainval,s,Change one lane to the left,Annotator 6,236
995,scene-0995,trainval,s,take the left lane and exit the highway,Annotator 2,468
996,scene-0996,trainval,d,Come to a stop before the tool gate and proceed once it opens,Annotator 5,856
997,scene-0997,trainval,unknown,stay in the left lane while approaching the roundabout,Annotator 1,514
998,scene-0998,trainval,d,Make the left turn once cars from the right side have passed,Annotator 5,858
998,scene-0998,trainval,d,Take the first left in the roundabout when it is safe to do so,Annotator 6,239
998,scene-0998,trainval,d,take the first left after merging onto the road,Annotator 2,471
998,scene-0998,trainval,unknown,turn left into the roundabout and take the first exit,Annotator 1,515
999,scene-0999,trainval,s,Change one lane to the left and proceed to take a left turn,Annotator 6,240
999,scene-0999,trainval,s,change lanes to take a left turn and then take the left turn,Annotator 2,472
999,scene-0999,trainval,unknown,Make a left turn onto the main road,Annotator 5,859
999,scene-0999,trainval,unknown,turn left,Annotator 1,516
1000,scene-1000,trainval,s,Shift to the right lane,Annotator 2,473
1000,scene-1000,trainval,unknown,Make a right turn,Annotator 5,860
1000,scene-1000,trainval,unknown,continue on this road,Annotator 1,517
1002,scene-1002,trainval,s,Change one lane to the left and take a left turn at the lights,Annotator 6,243
1002,scene-1002,trainval,s,shift to the left lane and then a take a left at the stop lights,Annotator 2,475
1002,scene-1002,trainval,unknown,Make the left turn at the intersection,Annotator 5,863
1002,scene-1002,trainval,unknown,Switch to the far left lane,Annotator 5,862
1002,scene-1002,trainval,unknown,merge into the left most lane and turn left at the signal,Annotator 1,519
1005,scene-1005,trainval,s,Make tthe left turn when it appears and continue through the road,Annotator 5,866
1005,scene-1005,trainval,s,Take a slight left when the lane splits,Annotator 6,246
1005,scene-1005,trainval,s,take a left turn at the lane split,Annotator 2,478
1005,scene-1005,trainval,unknown,Keep left at the fork,Annotator 1,522
1006,scene-1006,trainval,d,Stop before the crosswalk to allow the pedestrians to cross through. Then proceed forward once it is clear,Annotator 5,867
1007,scene-1007,trainval,d,Allow the oncoming vehicle to pass before taking a left turn,Annotator 6,248
1007,scene-1007,trainval,s,take a left turn,Annotator 2,480
1007,scene-1007,trainval,unknown,Make a left turn,Annotator 5,868
1007,scene-1007,trainval,unknown,turn left at the intersection,Annotator 1,524
1011,scene-1011,trainval,unknown,turn left at the intersection  and continue straight,Annotator 1,528
1016,scene-1016,trainval,d,Slow down before passing the crosswalk to allow the pedestrians to completely cross the road,Annotator 5,877
1017,scene-1017,trainval,s,stop behind the gray car,Annotator 2,490
1018,scene-1018,trainval,d,Follow the vehicle directly ahead,Annotator 6,259
1018,scene-1018,trainval,d,follow the silver car ahead and turn right,Annotator 1,535
1018,scene-1018,trainval,s,take the right turn and then shift onto the left lane,Annotator 2,491
1022,scene-1022,trainval,d,Make the left turn once all cars from the right have passed,Annotator 5,883
1023,scene-1023,trainval,d,Make a left turn when they're no oncoming vehicles,Annotator 6,264
1023,scene-1023,trainval,d,Make the left turn once all cars from the right have passed,Annotator 5,884
1023,scene-1023,trainval,s,take left and merge onto the left lane,Annotator 2,496
1023,scene-1023,trainval,unknown,turn left here,Annotator 1,540
1044,scene-1044,trainval,d,follow the car a head into the right turn lane,Annotator 1,543
1048,scene-1048,trainval,d,Follow the vehicle directly ahead,Annotator 6,271
1048,scene-1048,trainval,d,follow the car ahead and turn right into the connecting road,Annotator 1,547
1048,scene-1048,trainval,s,take a right a turn and follow the gray car,Annotator 2,503
1048,scene-1048,trainval,unknown,Make the right turn,Annotator 5,891
1054,scene-1054,trainval,s,Make a left turn,Annotator 6,277
1054,scene-1054,trainval,s,Make a left turn and continue down the road,Annotator 5,897
1054,scene-1054,trainval,sd,take a left turn and wait for the car to exit the driveway,Annotator 2,509
1058,scene-1058,trainval,s,Take a slight right when the road splits,Annotator 6,281
1058,scene-1058,trainval,s,take a slight right and stay on the same lane,Annotator 2,513
1058,scene-1058,trainval,unknown,Make the right turn,Annotator 5,901
1058,scene-1058,trainval,unknown,continue on this road,Annotator 1,557
1059,scene-1059,trainval,d,wait for the black van to move out of the current lane and then continue going straight,Annotator 2,514
1061,scene-1061,trainval,s,Make the turns around the corner,Annotator 5,904
1064,scene-1064,trainval,d,Allow the oncoming vehicle to pass and then make a right,Annotator 6,287
1064,scene-1064,trainval,d,Make the right turn only once all oncoming cars have passed,Annotator 5,907
1064,scene-1064,trainval,sd,stop right before the right turn and wait for the biker to pass and then take the right turn,Annotator 2,519
1064,scene-1064,trainval,unknown,turn right into the connecting road,Annotator 1,563
1065,scene-1065,trainval,d,Change one lane to the right to pass the vehicle stopped in the road and then change back one lane to the left,Annotator 6,288
1065,scene-1065,trainval,sd,shift to the right lane to avoid the oncoming car and then shift back to the left lane,Annotator 2,520
1066,scene-1066,trainval,s,"Briefly go on the right lane to avoid the parked car ahead of you, then switch back to the left lane.",Annotator 5,909
1068,scene-1068,trainval,s,Make the left turn at the intersection,Annotator 5,911
1068,scene-1068,trainval,s,Take a left at the light,Annotator 6,291
1068,scene-1068,trainval,s,Take left turn at the stop light,Annotator 2,523
1069,scene-1069,trainval,ds,Take a left and follow the vehicle ahead,Annotator 6,292
1069,scene-1069,trainval,s,Take a left turn at the intersection and follow the gray car,Annotator 2,524
1069,scene-1069,trainval,unknown,turn left at the signal,Annotator 1,568
1073,scene-1073,trainval,s,Make the left turn at the intersection,Annotator 5,916
1073,scene-1073,trainval,s,Take a left at the light,Annotator 6,296
1073,scene-1073,trainval,s,Take a left turn at the intersection,Annotator 2,528
1073,scene-1073,trainval,unknown,turn left at the signal,Annotator 1,572
1076,scene-1076,trainval,d,Follow the vehicle ahead,Annotator 6,299
1076,scene-1076,trainval,s,Make the left turn at the intersection and enter the leftmost lane,Annotator 5,919
1076,scene-1076,trainval,s,Take a left turn,Annotator 2,531
1076,scene-1076,trainval,unknown,turn left at the signal,Annotator 1,575
1077,scene-1077,trainval,s,Take a left turn and follow the black car,Annotator 2,532
1078,scene-1078,trainval,d,Switch to the middle lane and pass the vehicles on your left,Annotator 5,921
1078,scene-1078,trainval,s,Change one lane to the right,Annotator 6,301
1078,scene-1078,trainval,sd,Shifted to the right lane and overtake the white car and the van,Annotator 2,533
1080,scene-1080,trainval,d,Follow the black car,Annotator 2,535
1080,scene-1080,trainval,ds,Change one lane to the right and maintain a safe distance between the vehicle directly ahead,Annotator 6,303
1080,scene-1080,trainval,unknown,"After the intersection, switch to the right lane",Annotator 5,923
1080,scene-1080,trainval,unknown,merge into the right lane,Annotator 1,579
1081,scene-1081,trainval,d,Follow the vehicle in front of you,Annotator 5,924
1081,scene-1081,trainval,d,follow the black car,Annotator 2,536
1081,scene-1081,trainval,s,Shift to the right to get into the turning lane,Annotator 6,304
1083,scene-1083,trainval,d,Follow the vehicle in front of you and make the right turn,Annotator 5,926
1083,scene-1083,trainval,d,follow the black car ahead and turn right,Annotator 1,582
1083,scene-1083,trainval,s,Make a right turn at the light,Annotator 6,306
1083,scene-1083,trainval,s,Take right turn at the intersection,Annotator 2,538
1084,scene-1084,trainval,d,"Briefly, if clear, go onto the middle lane to avoid hitting the car attempting to enter into your lane, then go back to the left lane",Annotator 5,928
1084,scene-1084,trainval,ds,"Move one lane to the left, be cautious of the vehicle turning into the lane",Annotator 6,307
1084,scene-1084,trainval,s,Shift to the left lane,Annotator 2,539
1084,scene-1084,trainval,unknown,Switch to the left lane,Annotator 5,927
1084,scene-1084,trainval,unknown,merge into the left lane,Annotator 1,583
1085,scene-1085,trainval,s,Make a left turn at the light,Annotator 6,308
1085,scene-1085,trainval,unknown,Make a left turn,Annotator 5,929
1085,scene-1085,trainval,unknown,Take left turn,Annotator 2,540
1085,scene-1085,trainval,unknown,turn left at the signal and continue on this road,Annotator 1,584
1086,scene-1086,trainval,d,Be cautious of all the pedestrians ahead of you,Annotator 5,930
1087,scene-1087,trainval,s,Make a right turn,Annotator 6,310
1087,scene-1087,trainval,s,Take a right turn,Annotator 2,542
1087,scene-1087,trainval,unknown,Make a right turn,Annotator 5,931
1087,scene-1087,trainval,unknown,turn right here and continue straight,Annotator 1,586
1088,scene-1088,trainval,d,turn right at the connecting road near the man walking their dog,Annotator 1,587
1088,scene-1088,trainval,s,Shortly after turning the corner take a right turn,Annotator 6,311
1088,scene-1088,trainval,s,Take a right turn,Annotator 2,543
1088,scene-1088,trainval,unknown,Make a right turn,Annotator 5,932
1088,scene-1088,trainval,unknown,Make the next right turn,Annotator 5,933
1089,scene-1089,trainval,s,Make a left turn and after continuing straight for a bit make another left turn,Annotator 6,312
1089,scene-1089,trainval,s,Take a left turn and the take another left turn,Annotator 2,544
1089,scene-1089,trainval,unknown,Make a left turn,Annotator 5,934
1089,scene-1089,trainval,unknown,Make the next left turn,Annotator 5,935
1089,scene-1089,trainval,unknown,turn left at the end of the road and turn left again into the first connecting road,Annotator 1,588
1091,scene-1091,trainval,unknown,keep right,Annotator 1,590
1094,scene-1094,trainval,d,Make a left turn and follow the vehicle in front,Annotator 6,317
1094,scene-1094,trainval,d,Make the left turn only when no pedestrians are in the way,Annotator 5,940
1094,scene-1094,trainval,sd,Take a left turn and follow the gray car,Annotator 2,549
1094,scene-1094,trainval,unknown,turn left at the intersection,Annotator 1,593
1095,scene-1095,trainval,s,Change one lane to the right,Annotator 6,318
1095,scene-1095,trainval,sd,Shift the right lan and overtake the van and stop ot the red light,Annotator 2,550
1097,scene-1097,trainval,d,Slowly move foward to turn right when it's safe to do so,Annotator 6,320
1097,scene-1097,trainval,d,"When the stoplight turns green, prepare to make a right turn. Only proceed once all oncoming cars have passed",Annotator 5,943
1097,scene-1097,trainval,s,Go to the median and wait to take a right turn,Annotator 2,552
1098,scene-1098,trainval,d,Slowly move foward to turn right when all oncoming traffic has passed,Annotator 6,321
1101,scene-1101,trainval,d,Complete the right turn after all cars have passed,Annotator 5,947
1101,scene-1101,trainval,ds,Make a right turn at the light when it's safe to do so,Annotator 6,324
1101,scene-1101,trainval,s,Take a right turn,Annotator 2,556
1101,scene-1101,trainval,unknown,when there are no approaching cars turn right,Annotator 1,600
1105,scene-1105,trainval,d,Move over one lane to the right to avoid and pass the vehicle reversing,Annotator 6,327
1105,scene-1105,trainval,s,Avoid the vehicle in front of you by switching to the right side of the road,Annotator 5,950
1105,scene-1105,trainval,s,Shift to the opposing lane to avoid the car and then move back to the left lane,Annotator 2,559
1107,scene-1107,trainval,unknown,Switch onto the right lane,Annotator 5,952
1110,scene-1110,trainval,d,Make the right turn at the green light,Annotator 5,955
1110,scene-1110,trainval,d,follow the blue prius while turning right and merge into the right turn only lane,Annotator 1,608
1110,scene-1110,trainval,s,Go on the rightmost lane to make the right turn,Annotator 5,956
1110,scene-1110,trainval,s,Make a right turn at the light and immediately change one lane to the right to be in the right most lane,Annotator 6,332
1110,scene-1110,trainval,sd,Take the right turn and follow the black car and then shift to the right lane,Annotator 2,564
37,scene-0037,unknown,s,"Go between the solid lines to avoid the vehicles on the left lane, then go back to the left lane once that is cleared.",Annotator 5,49
680,scene-0680,unknown,unknown,turn left here and drive around the parked trucks,Annotator 1,470
